,transcription_factor,auROC,auPRC,iters_tested,iters_train_valid,iters_trained,min_delta,patience,train_time,valid_losses,Unnamed: 0,auPRC_earlystop,auROC_earlystop,iters_trained_bestmodel,iters_trained_max,iters_trained_total,validation_freq,valid_chr,path_name
0,CTCF,,,10000.0,0.0,,0.0,0.0,1817.3023438686505,[],0.0,0.6180239088057787,0.9912870702637109,0.0,5000.0,5000.0,0.0,chr1,CTCF_no_motif_5000_train_chr1_4_15Aug2020_0010.csv
1,CTCF,,,10000.0,0.0,,0.0,0.0,1895.4572041574866,[],0.0,0.6086022695824617,0.9913098455923816,0.0,5000.0,5000.0,0.0,chr1,CTCF_no_motif_5000_train_chr1_3_15Aug2020_0010.csv
2,CTCF,,,10000.0,0.0,,0.0,0.0,2094.8371417671437,[],0.0,0.6230923754668282,0.9914319213540572,0.0,5000.0,5000.0,0.0,chr1,CTCF_no_motif_5000_train_chr1_1_15Aug2020_0010.csv
3,CTCF,,,10000.0,0.0,,0.0,0.0,2081.9819658445194,[],0.0,0.6095014587966597,0.99111488877896,0.0,5000.0,5000.0,0.0,chr1,CTCF_no_motif_5000_train_chr1_2_15Aug2020_0010.csv
4,CTCF,,,10000.0,0.0,,0.0,0.0,2304.4005005471413,[],0.0,0.6156725773504627,0.9913918367755964,0.0,5000.0,5000.0,0.0,chr1,CTCF_no_motif_5000_train_chr1_0_15Aug2020_0010.csv
5,CEBPB,,,10000.0,0.0,,0.0,0.0,1144.03542828653,[],0.0,0.548031568621392,0.9964017486466108,0.0,5000.0,5000.0,0.0,chr1,CEBPB_no_motif_5000_train_chr1_1_15Aug2020_0010.csv
6,CEBPB,,,10000.0,0.0,,0.0,0.0,1177.7958023659885,[],0.0,0.5249397886358521,0.9957222227615284,0.0,5000.0,5000.0,0.0,chr1,CEBPB_no_motif_5000_train_chr1_0_15Aug2020_0010.csv
7,CEBPB,,,10000.0,0.0,,0.0,0.0,1157.0842846306039,[],0.0,0.533251924805322,0.9961169949423858,0.0,5000.0,5000.0,0.0,chr1,CEBPB_no_motif_5000_train_chr1_3_15Aug2020_0010.csv
8,CEBPB,,,10000.0,0.0,,0.0,0.0,1167.2408089516684,[],0.0,0.5496934516813413,0.9962529001194024,0.0,5000.0,5000.0,0.0,chr1,CEBPB_no_motif_5000_train_chr1_4_15Aug2020_0010.csv
9,CEBPB,,,10000.0,0.0,,0.0,0.0,1448.3777212807906,[],0.0,0.5644348828064056,0.9960878724044538,0.0,5000.0,5000.0,0.0,chr1,CEBPB_no_motif_5000_train_chr1_2_15Aug2020_0010.csv
10,CHD2,,,10000.0,0.0,,0.0,0.0,1151.5459520556033,[],0.0,0.1662037037037037,0.9990330432463072,0.0,5000.0,5000.0,0.0,chr1,CHD2_no_motif_5000_train_chr1_0_15Aug2020_0010.csv
11,CHD2,,,10000.0,0.0,,0.0,0.0,1093.13096359279,[],0.0,0.15873015873015872,0.9989330132373044,0.0,5000.0,5000.0,0.0,chr1,CHD2_no_motif_5000_train_chr1_3_15Aug2020_0010.csv
12,CHD2,,,10000.0,0.0,,0.0,0.0,1137.0850427458065,[],0.0,0.16567460317460314,0.9989996999099732,0.0,5000.0,5000.0,0.0,chr1,CHD2_no_motif_5000_train_chr1_1_15Aug2020_0010.csv
13,CHD2,,,10000.0,0.0,,0.0,0.0,1163.6073088552805,[],0.0,0.1805166511048864,0.9990997299189756,0.0,5000.0,5000.0,0.0,chr1,CHD2_no_motif_5000_train_chr1_2_15Aug2020_0010.csv
14,CHD2,,,10000.0,0.0,,0.0,0.0,1114.322874551639,[],0.0,0.18104575163398692,0.9990997299189758,0.0,5000.0,5000.0,0.0,chr1,CHD2_no_motif_5000_train_chr1_4_15Aug2020_0010.csv
15,EP300,,,10000.0,0.0,,0.0,0.0,942.0159317292273,[],0.0,0.4887708323797694,0.997579155252596,0.0,5000.0,5000.0,0.0,chr1,EP300_no_motif_5000_train_chr1_1_15Aug2020_0010.csv
16,EP300,,,10000.0,0.0,,0.0,0.0,945.9534779712558,[],0.0,0.5198774713309597,0.9978794856159958,0.0,5000.0,5000.0,0.0,chr1,EP300_no_motif_5000_train_chr1_0_15Aug2020_0010.csv
17,EP300,,,10000.0,0.0,,0.0,0.0,956.3076959326863,[],0.0,0.5170541579632488,0.9981252104587774,0.0,5000.0,5000.0,0.0,chr1,EP300_no_motif_5000_train_chr1_2_15Aug2020_0010.csv
18,EP300,,,10000.0,0.0,,0.0,0.0,955.2598059410228,[],0.0,0.4924911096034091,0.9978248800953776,0.0,5000.0,5000.0,0.0,chr1,EP300_no_motif_5000_train_chr1_3_15Aug2020_0010.csv
19,EP300,,,10000.0,0.0,,0.0,0.0,1181.557601316832,[],0.0,0.4972410244080434,0.997970494817026,0.0,5000.0,5000.0,0.0,chr1,EP300_no_motif_5000_train_chr1_4_15Aug2020_0010.csv
20,GABPA,,,10000.0,0.0,,0.0,0.0,1007.0245397929103,[],0.0,0.14931558264158526,0.9929315686949548,0.0,5000.0,5000.0,0.0,chr1,GABPA_no_motif_5000_train_chr1_0_15Aug2020_0010.csv
21,GABPA,,,10000.0,0.0,,0.0,0.0,917.850188387558,[],0.0,0.1537002129837666,0.9929533579406548,0.0,5000.0,5000.0,0.0,chr1,GABPA_no_motif_5000_train_chr1_1_15Aug2020_0010.csv
22,GABPA,,,10000.0,0.0,,0.0,0.0,950.2213232358918,[],0.0,0.1609639607317742,0.9931886817942136,0.0,5000.0,5000.0,0.0,chr1,GABPA_no_motif_5000_train_chr1_2_15Aug2020_0010.csv
23,GABPA,,,10000.0,0.0,,0.0,0.0,927.6617438010871,[],0.0,0.16314550012443255,0.9933586379106728,0.0,5000.0,5000.0,0.0,chr1,GABPA_no_motif_5000_train_chr1_3_15Aug2020_0010.csv
24,GABPA,,,10000.0,0.0,,0.0,0.0,1022.5758056659253,[],0.0,0.1553706746271501,0.992922852996675,0.0,5000.0,5000.0,0.0,chr1,GABPA_no_motif_5000_train_chr1_4_15Aug2020_0010.csv
25,JUND,,,10000.0,0.0,,0.0,0.0,1148.1707156598568,[],0.0,0.24466323150533675,0.994480021346141,0.0,5000.0,5000.0,0.0,chr1,JUND_no_motif_5000_train_chr1_0_15Aug2020_0010.csv
26,JUND,,,10000.0,0.0,,0.0,0.0,1277.3184334076939,[],0.0,0.2513662089333134,0.9946801414181844,0.0,5000.0,5000.0,0.0,chr1,JUND_no_motif_5000_train_chr1_1_15Aug2020_0010.csv
27,JUND,,,10000.0,0.0,,0.0,0.0,1149.1683597797528,[],0.0,0.3144471278247369,0.9946301114001734,0.0,5000.0,5000.0,0.0,chr1,JUND_no_motif_5000_train_chr1_2_15Aug2020_0010.csv
28,JUND,,,10000.0,0.0,,0.0,0.0,1047.8695665178818,[],0.0,0.2484661530062781,0.9943466079647788,0.0,5000.0,5000.0,0.0,chr1,JUND_no_motif_5000_train_chr1_4_15Aug2020_0010.csv
29,JUND,,,10000.0,0.0,,0.0,0.0,1145.473394902423,[],0.0,0.251135064391249,0.9947301714361952,0.0,5000.0,5000.0,0.0,chr1,JUND_no_motif_5000_train_chr1_3_15Aug2020_0010.csv
30,MAFK,,,10000.0,0.0,,0.0,0.0,1231.3427051929755,[],0.0,0.5170615750325895,0.997608959174368,0.0,5000.0,5000.0,0.0,chr1,MAFK_no_motif_5000_train_chr1_0_15Aug2020_0010.csv
31,MAFK,,,10000.0,0.0,,0.0,0.0,1253.6342404643076,[],0.0,0.5571872571872571,0.9979203505377062,0.0,5000.0,5000.0,0.0,chr1,MAFK_no_motif_5000_train_chr1_4_15Aug2020_0010.csv
32,MAFK,,,10000.0,0.0,,0.0,0.0,1390.1152226896954,[],0.0,0.5307974379813459,0.9964857260423268,0.0,5000.0,5000.0,0.0,chr1,MAFK_no_motif_5000_train_chr1_3_15Aug2020_0010.csv
33,MAFK,,,10000.0,0.0,,0.0,0.0,1402.484717401676,[],0.0,0.4775333178680161,0.9973086889311492,0.0,5000.0,5000.0,0.0,chr1,MAFK_no_motif_5000_train_chr1_2_15Aug2020_0010.csv
34,MAFK,,,10000.0,0.0,,0.0,0.0,1413.0207847980782,[],0.0,0.4906132773191239,0.9974310212524606,0.0,5000.0,5000.0,0.0,chr1,MAFK_no_motif_5000_train_chr1_1_15Aug2020_0010.csv
35,MAX,,,10000.0,0.0,,0.0,0.0,1044.4435634575784,[],0.0,0.5610842436162767,0.9946552763819096,0.0,5000.0,5000.0,0.0,chr1,MAX_no_motif_5000_train_chr1_0_15Aug2020_0010.csv
36,MAX,,,10000.0,0.0,,0.0,0.0,1035.6897664004937,[],0.0,0.5712557890873381,0.995318592964824,0.0,5000.0,5000.0,0.0,chr1,MAX_no_motif_5000_train_chr1_2_15Aug2020_0010.csv
37,MAX,,,10000.0,0.0,,0.0,0.0,1062.3915173159912,[],0.0,0.5602210888571129,0.995091457286432,0.0,5000.0,5000.0,0.0,chr1,MAX_no_motif_5000_train_chr1_1_15Aug2020_0010.csv
38,MAX,,,10000.0,0.0,,0.0,0.0,1053.9449435416611,[],0.0,0.5568816884340779,0.9949909547738692,0.0,5000.0,5000.0,0.0,chr1,MAX_no_motif_5000_train_chr1_4_15Aug2020_0010.csv
39,MAX,,,10000.0,0.0,,0.0,0.0,1074.599601781927,[],0.0,0.5754908072123339,0.9954934673366834,0.0,5000.0,5000.0,0.0,chr1,MAX_no_motif_5000_train_chr1_3_15Aug2020_0010.csv
40,MYC,,,10000.0,0.0,,0.0,0.0,1286.8402441293,[],0.0,0.5484618567598191,0.9979325380914196,0.0,5000.0,5000.0,0.0,chr1,MYC_no_motif_5000_train_chr1_0_15Aug2020_0010.csv
41,MYC,,,10000.0,0.0,,0.0,0.0,1124.6898222984746,[],0.0,0.5326381129881882,0.9977696471531676,0.0,5000.0,5000.0,0.0,chr1,MYC_no_motif_5000_train_chr1_3_15Aug2020_0010.csv
42,MYC,,,10000.0,0.0,,0.0,0.0,1175.6930726571006,[],0.0,0.5062282239786969,0.9978531809676556,0.0,5000.0,5000.0,0.0,chr1,MYC_no_motif_5000_train_chr1_2_15Aug2020_0010.csv
43,MYC,,,10000.0,0.0,,0.0,0.0,1144.2174306092786,[],0.0,0.4818423698162781,0.9976610531943332,0.0,5000.0,5000.0,0.0,chr1,MYC_no_motif_5000_train_chr1_4_15Aug2020_0010.csv
44,MYC,,,10000.0,0.0,,0.0,0.0,1468.0057266540825,[],0.0,0.4988934811654976,0.9977988839882383,0.0,5000.0,5000.0,0.0,chr1,MYC_no_motif_5000_train_chr1_1_15Aug2020_0010.csv
45,NRF1,,,10000.0,0.0,,0.0,0.0,1174.0647713374346,[],0.0,0.6352425072428871,0.9965688591517906,0.0,5000.0,5000.0,0.0,chr1,NRF1_no_motif_5000_train_chr1_0_15Aug2020_0010.csv
46,NRF1,,,10000.0,0.0,,0.0,0.0,1068.4313586708158,[],0.0,0.6227691794584201,0.9965100815783736,0.0,5000.0,5000.0,0.0,chr1,NRF1_no_motif_5000_train_chr1_1_15Aug2020_0010.csv
47,NRF1,,,10000.0,0.0,,0.0,0.0,1078.750443117693,[],0.0,0.6422358916890473,0.9966202895285304,0.0,5000.0,5000.0,0.0,chr1,NRF1_no_motif_5000_train_chr1_2_15Aug2020_0010.csv
48,NRF1,,,10000.0,0.0,,0.0,0.0,1042.7361144889146,[],0.0,0.6361621531225399,0.9967158030853328,0.0,5000.0,5000.0,0.0,chr1,NRF1_no_motif_5000_train_chr1_3_15Aug2020_0010.csv
49,NRF1,,,10000.0,0.0,,0.0,0.0,1040.9101494513452,[],0.0,0.6201203241810865,0.996328850727005,0.0,5000.0,5000.0,0.0,chr1,NRF1_no_motif_5000_train_chr1_4_15Aug2020_0010.csv
50,RAD21,,,10000.0,0.0,,0.0,0.0,1173.6451503187418,[],0.0,0.6120254079130212,0.9957863535403104,0.0,5000.0,5000.0,0.0,chr1,RAD21_no_motif_5000_train_chr1_0_15Aug2020_0010.csv
51,RAD21,,,10000.0,0.0,,0.0,0.0,1176.654027090408,[],0.0,0.6349015295235548,0.9950886777467044,0.0,5000.0,5000.0,0.0,chr1,RAD21_no_motif_5000_train_chr1_1_15Aug2020_0010.csv
52,RAD21,,,10000.0,0.0,,0.0,0.0,1156.8945101974532,[],0.0,0.6026062083910498,0.9951556861562596,0.0,5000.0,5000.0,0.0,chr1,RAD21_no_motif_5000_train_chr1_4_15Aug2020_0010.csv
53,RAD21,,,10000.0,0.0,,0.0,0.0,1259.4811422312632,[],0.0,0.6056217037807748,0.9957232868019056,0.0,5000.0,5000.0,0.0,chr1,RAD21_no_motif_5000_train_chr1_2_15Aug2020_0010.csv
54,RAD21,,,10000.0,0.0,,0.0,0.0,1423.5219830954447,[],0.0,0.6064248804729863,0.9951280944582076,0.0,5000.0,5000.0,0.0,chr1,RAD21_no_motif_5000_train_chr1_3_15Aug2020_0010.csv
55,REST,,,10000.0,0.0,,0.0,0.0,1170.9295157883314,[],0.0,0.2779040658384732,0.9959729586909384,0.0,5000.0,5000.0,0.0,chr1,REST_no_motif_5000_train_chr1_0_15Aug2020_0010.csv
56,REST,,,10000.0,0.0,,0.0,0.0,1152.5897145187482,[],0.0,0.2719814564929916,0.9959547367845624,0.0,5000.0,5000.0,0.0,chr1,REST_no_motif_5000_train_chr1_2_15Aug2020_0010.csv
57,REST,,,10000.0,0.0,,0.0,0.0,1156.7780265323818,[],0.0,0.2748925888567045,0.995995736073908,0.0,5000.0,5000.0,0.0,chr1,REST_no_motif_5000_train_chr1_3_15Aug2020_0010.csv
58,REST,,,10000.0,0.0,,0.0,0.0,1188.1294585000726,[],0.0,0.2996827841901707,0.9961506222781028,0.0,5000.0,5000.0,0.0,chr1,REST_no_motif_5000_train_chr1_4_15Aug2020_0010.csv
59,REST,,,10000.0,0.0,,0.0,0.0,1460.9795042322946,[],0.0,0.2563349382452516,0.9960458463164416,0.0,5000.0,5000.0,0.0,chr1,REST_no_motif_5000_train_chr1_1_15Aug2020_0010.csv
60,RFX5,,,10000.0,0.0,,0.0,0.0,1163.1210956098512,[],0.0,0.4757110051227698,0.9969981989193516,0.0,5000.0,5000.0,0.0,chr1,RFX5_no_motif_5000_train_chr1_4_15Aug2020_0010.csv
61,RFX5,,,10000.0,0.0,,0.0,0.0,1268.1280750567093,[],0.0,0.4922772988505746,0.9963311320125408,0.0,5000.0,5000.0,0.0,chr1,RFX5_no_motif_5000_train_chr1_0_15Aug2020_0010.csv
62,RFX5,,,10000.0,0.0,,0.0,0.0,1283.5446268618107,[],0.0,0.5332899460636686,0.9973150557000868,0.0,5000.0,5000.0,0.0,chr1,RFX5_no_motif_5000_train_chr1_1_15Aug2020_0010.csv
63,RFX5,,,10000.0,0.0,,0.0,0.0,1268.461146931164,[],0.0,0.5657469342251951,0.9977152958441732,0.0,5000.0,5000.0,0.0,chr1,RFX5_no_motif_5000_train_chr1_2_15Aug2020_0010.csv
64,RFX5,,,10000.0,0.0,,0.0,0.0,1267.5231166612355,[],0.0,0.4431767797689585,0.9964978987392434,0.0,5000.0,5000.0,0.0,chr1,RFX5_no_motif_5000_train_chr1_3_15Aug2020_0010.csv
65,SRF,,,10000.0,0.0,,0.0,0.0,845.5395961245523,[],0.0,0.6481721981721982,0.9995551551952314,0.0,5000.0,5000.0,0.0,chr1,SRF_no_motif_5000_train_chr1_0_15Aug2020_0010.csv
66,SRF,,,10000.0,0.0,,0.0,0.0,850.7753187045454,[],0.0,0.5795943562610228,0.9993994595135622,0.0,5000.0,5000.0,0.0,chr1,SRF_no_motif_5000_train_chr1_2_15Aug2020_0010.csv
67,SRF,,,10000.0,0.0,,0.0,0.0,871.1191899767147,[],0.0,0.5250622471210706,0.9992993694324892,0.0,5000.0,5000.0,0.0,chr1,SRF_no_motif_5000_train_chr1_1_15Aug2020_0010.csv
68,SRF,,,10000.0,0.0,,0.0,0.0,845.1321786381303,[],0.0,0.5061742360761969,0.9992104004715356,0.0,5000.0,5000.0,0.0,chr1,SRF_no_motif_5000_train_chr1_3_15Aug2020_0010.csv
69,SRF,,,10000.0,0.0,,0.0,0.0,842.323785581626,[],0.0,0.5940883190883189,0.9994995495946352,0.0,5000.0,5000.0,0.0,chr1,SRF_no_motif_5000_train_chr1_4_15Aug2020_0010.csv
70,TAF1,,,10000.0,0.0,,0.0,0.0,959.0749968513845,[],0.0,0.7433198290295476,0.9989984977466201,0.0,5000.0,5000.0,0.0,chr1,TAF1_no_motif_5000_train_chr1_0_15Aug2020_0010.csv
71,TAF1,,,10000.0,0.0,,0.0,0.0,913.6381414690986,[],0.0,0.7694149118425435,0.9991854448339176,0.0,5000.0,5000.0,0.0,chr1,TAF1_no_motif_5000_train_chr1_2_15Aug2020_0010.csv
72,TAF1,,,10000.0,0.0,,0.0,0.0,1014.8989611510186,[],0.0,0.7322784833447359,0.9986446336170924,0.0,5000.0,5000.0,0.0,chr1,TAF1_no_motif_5000_train_chr1_3_15Aug2020_0010.csv
73,TAF1,,,10000.0,0.0,,0.0,0.0,1168.0219648890195,[],0.0,0.755671164584208,0.9990385578367552,0.0,5000.0,5000.0,0.0,chr1,TAF1_no_motif_5000_train_chr1_1_15Aug2020_0010.csv
74,TAF1,,,10000.0,0.0,,0.0,0.0,1003.7770417183638,[],0.0,0.7545625466736112,0.9990252044733768,0.0,5000.0,5000.0,0.0,chr1,TAF1_no_motif_5000_train_chr1_4_15Aug2020_0010.csv
75,TBP,,,10000.0,0.0,,0.0,0.0,947.8580525964501,[],0.0,0.4607127685338015,0.9982746801611324,0.0,5000.0,5000.0,0.0,chr1,TBP_no_motif_5000_train_chr1_1_15Aug2020_0010.csv
76,TBP,,,10000.0,0.0,,0.0,0.0,962.1566097037868,[],0.0,0.4678309557200533,0.9981822523126218,0.0,5000.0,5000.0,0.0,chr1,TBP_no_motif_5000_train_chr1_2_15Aug2020_0010.csv
77,TBP,,,10000.0,0.0,,0.0,0.0,1010.2419349364936,[],0.0,0.4782453657453658,0.9985904753102112,0.0,5000.0,5000.0,0.0,chr1,TBP_no_motif_5000_train_chr1_0_15Aug2020_0010.csv
78,TBP,,,10000.0,0.0,,0.0,0.0,954.6765754427761,[],0.0,0.4781088550825393,0.9985442613859556,0.0,5000.0,5000.0,0.0,chr1,TBP_no_motif_5000_train_chr1_3_15Aug2020_0010.csv
79,TBP,,,10000.0,0.0,,0.0,0.0,937.5830387258902,[],0.0,0.4418162137028935,0.9981360383883664,0.0,5000.0,5000.0,0.0,chr1,TBP_no_motif_5000_train_chr1_4_15Aug2020_0010.csv
80,USF2,,,10000.0,0.0,,0.0,0.0,1171.6675766957926,[],0.0,0.5741524380322003,0.9974819145162036,0.0,5000.0,5000.0,0.0,chr1,USF2_no_motif_5000_train_chr1_0_15Aug2020_0010.csv
81,USF2,,,10000.0,0.0,,0.0,0.0,1269.4963286193088,[],0.0,0.5741273993060667,0.9974934830559454,0.0,5000.0,5000.0,0.0,chr1,USF2_no_motif_5000_train_chr1_1_15Aug2020_0010.csv
82,USF2,,,10000.0,0.0,,0.0,0.0,1268.211757900193,[],0.0,0.5925270778636698,0.997624593173019,0.0,5000.0,5000.0,0.0,chr1,USF2_no_motif_5000_train_chr1_2_15Aug2020_0010.csv
83,USF2,,,10000.0,0.0,,0.0,0.0,1269.8499051742256,[],0.0,0.5981751198648229,0.9973315234995604,0.0,5000.0,5000.0,0.0,chr1,USF2_no_motif_5000_train_chr1_3_15Aug2020_0010.csv
84,USF2,,,10000.0,0.0,,0.0,0.0,1457.3691131593662,[],0.0,0.5827926620279456,0.9974510650768924,0.0,5000.0,5000.0,0.0,chr1,USF2_no_motif_5000_train_chr1_4_15Aug2020_0010.csv
85,ZNF384,,,10000.0,0.0,,0.0,0.0,865.5545595949517,[],0.0,0.7555555555555555,0.9998999699909972,0.0,5000.0,5000.0,0.0,chr1,ZNF384_no_motif_5000_train_chr1_1_15Aug2020_0010.csv
86,ZNF384,,,10000.0,0.0,,0.0,0.0,868.1155988974498,[],0.0,0.625,0.9997665966456604,0.0,5000.0,5000.0,0.0,chr1,ZNF384_no_motif_5000_train_chr1_2_15Aug2020_0010.csv
87,ZNF384,,,10000.0,0.0,,0.0,0.0,883.977884190157,[],0.0,0.5694444444444444,0.999699909972992,0.0,5000.0,5000.0,0.0,chr1,ZNF384_no_motif_5000_train_chr1_3_15Aug2020_0010.csv
88,ZNF384,,,10000.0,0.0,,0.0,0.0,886.5035614762455,[],0.0,0.7555555555555555,0.9998999699909972,0.0,5000.0,5000.0,0.0,chr1,ZNF384_no_motif_5000_train_chr1_4_15Aug2020_0010.csv
89,ZNF384,,,10000.0,0.0,,0.0,0.0,1030.0290687391534,[],0.0,0.5555555555555556,0.9996665666366576,0.0,5000.0,5000.0,0.0,chr1,ZNF384_no_motif_5000_train_chr1_0_15Aug2020_0010.csv
90,ZNF274,,,10000.0,0.0,,0.0,0.0,899.6110365660861,[],0.0,0.0,,0.0,5000.0,5000.0,0.0,chr1,ZNF274_no_motif_5000_train_chr1_1_15Aug2020_0010.csv
91,ZNF274,,,10000.0,0.0,,0.0,0.0,916.7009188011286,[],0.0,0.0,,0.0,5000.0,5000.0,0.0,chr1,ZNF274_no_motif_5000_train_chr1_4_15Aug2020_0010.csv
92,ZNF274,,,10000.0,0.0,,0.0,0.0,928.1064806077627,[],0.0,0.0,,0.0,5000.0,5000.0,0.0,chr1,ZNF274_no_motif_5000_train_chr1_2_15Aug2020_0010.csv
93,ZNF274,,,10000.0,0.0,,0.0,0.0,961.2848145626483,[],0.0,0.0,,0.0,5000.0,5000.0,0.0,chr1,ZNF274_no_motif_5000_train_chr1_3_15Aug2020_0010.csv
94,ZNF274,,,10000.0,0.0,,0.0,0.0,1019.7483497457581,[],0.0,0.0,,0.0,5000.0,5000.0,0.0,chr1,ZNF274_no_motif_5000_train_chr1_0_15Aug2020_0010.csv
95,ZKSCAN1,,,10000.0,0.0,,0.0,0.0,814.0719020115213,[],0.0,0.6909756348979956,0.9974026862423604,0.0,5000.0,5000.0,0.0,chr1,ZKSCAN1_no_motif_5000_train_chr1_0_15Aug2020_0010.csv
96,ZKSCAN1,,,10000.0,0.0,,0.0,0.0,830.7501766439528,[],0.0,0.6763264510817169,0.9969943842442458,0.0,5000.0,5000.0,0.0,chr1,ZKSCAN1_no_motif_5000_train_chr1_1_15Aug2020_0010.csv
97,ZKSCAN1,,,10000.0,0.0,,0.0,0.0,826.6599544761702,[],0.0,0.7054096726730181,0.9976698995919118,0.0,5000.0,5000.0,0.0,chr1,ZKSCAN1_no_motif_5000_train_chr1_2_15Aug2020_0010.csv
98,ZKSCAN1,,,10000.0,0.0,,0.0,0.0,836.9845960829407,[],0.0,0.6925209426409903,0.997458266619067,0.0,5000.0,5000.0,0.0,chr1,ZKSCAN1_no_motif_5000_train_chr1_3_15Aug2020_0010.csv
99,ZKSCAN1,,,10000.0,0.0,,0.0,0.0,855.9776211697607,[],0.0,0.6613799445697056,0.9968618464228683,0.0,5000.0,5000.0,0.0,chr1,ZKSCAN1_no_motif_5000_train_chr1_4_15Aug2020_0010.csv
100,ZNF143,,,10000.0,0.0,,0.0,0.0,847.3547976594417,[],0.0,0.5773208880554759,0.9966632417211684,0.0,5000.0,5000.0,0.0,chr1,ZNF143_no_motif_5000_train_chr1_0_15Aug2020_0010.csv
101,ZNF143,,,10000.0,0.0,,0.0,0.0,868.185931888409,[],0.0,0.5734665417175131,0.9966550382588972,0.0,5000.0,5000.0,0.0,chr1,ZNF143_no_motif_5000_train_chr1_1_15Aug2020_0010.csv
102,ZNF143,,,10000.0,0.0,,0.0,0.0,879.1402205927297,[],0.0,0.5709496743938061,0.9964848164167688,0.0,5000.0,5000.0,0.0,chr1,ZNF143_no_motif_5000_train_chr1_2_15Aug2020_0010.csv
103,ZNF143,,,10000.0,0.0,,0.0,0.0,876.0742306783795,[],0.0,0.5816706025630533,0.9969052438581704,0.0,5000.0,5000.0,0.0,chr1,ZNF143_no_motif_5000_train_chr1_4_15Aug2020_0010.csv
104,ZNF143,,,10000.0,0.0,,0.0,0.0,888.5889304429293,[],0.0,0.5603282725717367,0.9962817807255552,0.0,5000.0,5000.0,0.0,chr1,ZNF143_no_motif_5000_train_chr1_3_15Aug2020_0010.csv
105,ZNF24,,,10000.0,0.0,,0.0,0.0,820.9687935253605,[],0.0,0.6089317070825735,0.9978430979133226,0.0,5000.0,5000.0,0.0,chr1,ZNF24_no_motif_5000_train_chr1_2_15Aug2020_0010.csv
106,ZNF24,,,10000.0,0.0,,0.0,0.0,827.1708927135915,[],0.0,0.6211254054164719,0.9980029845505618,0.0,5000.0,5000.0,0.0,chr1,ZNF24_no_motif_5000_train_chr1_0_15Aug2020_0010.csv
107,ZNF24,,,10000.0,0.0,,0.0,0.0,850.1602168995888,[],0.0,0.6168312760990639,0.9980249297752808,0.0,5000.0,5000.0,0.0,chr1,ZNF24_no_motif_5000_train_chr1_1_15Aug2020_0010.csv
108,ZNF24,,,10000.0,0.0,,0.0,0.0,793.1079924209042,[],0.0,0.6127350067175565,0.9979026635232744,0.0,5000.0,5000.0,0.0,chr1,ZNF24_no_motif_5000_train_chr1_3_15Aug2020_0010.csv
109,ZNF24,,,10000.0,0.0,,0.0,0.0,839.3912233794107,[],0.0,0.6182000978289061,0.9980374699036918,0.0,5000.0,5000.0,0.0,chr1,ZNF24_no_motif_5000_train_chr1_4_15Aug2020_0010.csv
110,ZFP36,,,10000.0,0.0,,0.0,0.0,999.3499061455949,[],0.0,0.5084155701754386,0.9987239791833468,0.0,5000.0,5000.0,0.0,chr1,ZFP36_no_motif_5000_train_chr1_0_15Aug2020_0010.csv
111,ZFP36,,,10000.0,0.0,,0.0,0.0,1145.9455160163345,[],0.0,0.5495889623792101,0.9988115492393916,0.0,5000.0,5000.0,0.0,chr1,ZFP36_no_motif_5000_train_chr1_1_15Aug2020_0010.csv
112,ZFP36,,,10000.0,0.0,,0.0,0.0,876.0642314096913,[],0.0,0.5714285714285714,0.9989241393114492,0.0,5000.0,5000.0,0.0,chr1,ZFP36_no_motif_5000_train_chr1_2_15Aug2020_0010.csv
113,ZFP36,,,10000.0,0.0,,0.0,0.0,948.1031837277113,[],0.0,0.5623167155425219,0.99888660928743,0.0,5000.0,5000.0,0.0,chr1,ZFP36_no_motif_5000_train_chr1_3_15Aug2020_0010.csv
114,ZFP36,,,10000.0,0.0,,0.0,0.0,922.7401816304773,[],0.0,0.6351920101920102,0.9990617493995196,0.0,5000.0,5000.0,0.0,chr1,ZFP36_no_motif_5000_train_chr1_4_15Aug2020_0010.csv
115,ZBTB40,,,10000.0,0.0,,0.0,0.0,797.0259153870867,[],0.0,0.6334878612342906,0.9974656641604009,0.0,5000.0,5000.0,0.0,chr1,ZBTB40_no_motif_5000_train_chr1_0_15Aug2020_0010.csv
116,ZBTB40,,,10000.0,0.0,,0.0,0.0,792.6808293312787,[],0.0,0.6279690479214223,0.9975298245614036,0.0,5000.0,5000.0,0.0,chr1,ZBTB40_no_motif_5000_train_chr1_3_15Aug2020_0010.csv
117,ZBTB40,,,10000.0,0.0,,0.0,0.0,857.2783979605882,[],0.0,0.6445170520160677,0.9979388471177943,0.0,5000.0,5000.0,0.0,chr1,ZBTB40_no_motif_5000_train_chr1_1_15Aug2020_0010.csv
118,ZBTB40,,,10000.0,0.0,,0.0,0.0,879.8028928227723,[],0.0,0.6416518866761125,0.9977944862155388,0.0,5000.0,5000.0,0.0,chr1,ZBTB40_no_motif_5000_train_chr1_2_15Aug2020_0010.csv
119,ZBTB40,,,10000.0,0.0,,0.0,0.0,884.3529045777395,[],0.0,0.6341269556093704,0.9978947368421052,0.0,5000.0,5000.0,0.0,chr1,ZBTB40_no_motif_5000_train_chr1_4_15Aug2020_0010.csv
120,ZBTB33,,,10000.0,0.0,,0.0,0.0,947.7901696665213,[],0.0,0.4203419446359045,0.994307718064624,0.0,5000.0,5000.0,0.0,chr1,ZBTB33_no_motif_5000_train_chr1_0_15Aug2020_0010.csv
121,ZBTB33,,,10000.0,0.0,,0.0,0.0,959.9420818407087,[],0.0,0.4185262524898836,0.9945822869579776,0.0,5000.0,5000.0,0.0,chr1,ZBTB33_no_motif_5000_train_chr1_2_15Aug2020_0010.csv
122,ZBTB33,,,10000.0,0.0,,0.0,0.0,1005.5771676944568,[],0.0,0.4331650184119621,0.9945956805625312,0.0,5000.0,5000.0,0.0,chr1,ZBTB33_no_motif_5000_train_chr1_1_15Aug2020_0010.csv
123,ZBTB33,,,10000.0,0.0,,0.0,0.0,998.95179236494,[],0.0,0.4342038522762876,0.9944550477147162,0.0,5000.0,5000.0,0.0,chr1,ZBTB33_no_motif_5000_train_chr1_3_15Aug2020_0010.csv
124,ZBTB33,,,10000.0,0.0,,0.0,0.0,1014.651119682938,[],0.0,0.4066999948745696,0.99434566661086,0.0,5000.0,5000.0,0.0,chr1,ZBTB33_no_motif_5000_train_chr1_4_15Aug2020_0010.csv
125,YY1,,,10000.0,0.0,,0.0,0.0,1192.083623428829,[],0.0,0.5994767849567848,0.995473739691837,0.0,5000.0,5000.0,0.0,chr1,YY1_no_motif_5000_train_chr1_0_15Aug2020_0010.csv
126,YY1,,,10000.0,0.0,,0.0,0.0,891.2026433758438,[],0.0,0.5973507541940637,0.9955701303735242,0.0,5000.0,5000.0,0.0,chr1,YY1_no_motif_5000_train_chr1_1_15Aug2020_0010.csv
127,YY1,,,10000.0,0.0,,0.0,0.0,911.7643505707384,[],0.0,0.5822841313406134,0.9950040914768078,0.0,5000.0,5000.0,0.0,chr1,YY1_no_motif_5000_train_chr1_2_15Aug2020_0010.csv
128,YY1,,,10000.0,0.0,,0.0,0.0,935.4727791137993,[],0.0,0.6140253029802495,0.99585520068745,0.0,5000.0,5000.0,0.0,chr1,YY1_no_motif_5000_train_chr1_3_15Aug2020_0010.csv
129,YY1,,,10000.0,0.0,,0.0,0.0,1008.7447511823848,[],0.0,0.6039722724031854,0.9953609420856072,0.0,5000.0,5000.0,0.0,chr1,YY1_no_motif_5000_train_chr1_4_15Aug2020_0010.csv
130,YBX1,,,10000.0,0.0,,0.0,0.0,824.2558760046959,[],0.0,0.6326003066628506,0.9981221578368381,0.0,5000.0,5000.0,0.0,chr1,YBX1_no_motif_5000_train_chr1_1_15Aug2020_0010.csv
131,YBX1,,,10000.0,0.0,,0.0,0.0,860.6251921365038,[],0.0,0.6508653019255224,0.9981618634547158,0.0,5000.0,5000.0,0.0,chr1,YBX1_no_motif_5000_train_chr1_0_15Aug2020_0010.csv
132,YBX1,,,10000.0,0.0,,0.0,0.0,880.0995458317919,[],0.0,0.6184888034785199,0.9981641990792968,0.0,5000.0,5000.0,0.0,chr1,YBX1_no_motif_5000_train_chr1_2_15Aug2020_0010.csv
133,YBX1,,,10000.0,0.0,,0.0,0.0,875.881011675112,[],0.0,0.6126132090848684,0.9981478497072296,0.0,5000.0,5000.0,0.0,chr1,YBX1_no_motif_5000_train_chr1_3_15Aug2020_0010.csv
134,YBX1,,,10000.0,0.0,,0.0,0.0,854.2921802410857,[],0.0,0.6294564115682195,0.9981104797139326,0.0,5000.0,5000.0,0.0,chr1,YBX1_no_motif_5000_train_chr1_4_15Aug2020_0010.csv
135,USF1,,,10000.0,0.0,,0.0,0.0,806.2550106467679,[],0.0,0.6125562815706589,0.99720732599,0.0,5000.0,5000.0,0.0,chr1,USF1_no_motif_5000_train_chr1_0_15Aug2020_0010.csv
136,USF1,,,10000.0,0.0,,0.0,0.0,800.0222694231198,[],0.0,0.6158201691625758,0.9972230926746012,0.0,5000.0,5000.0,0.0,chr1,USF1_no_motif_5000_train_chr1_1_15Aug2020_0010.csv
137,USF1,,,10000.0,0.0,,0.0,0.0,828.3197257677092,[],0.0,0.6099350772875037,0.9972270343457516,0.0,5000.0,5000.0,0.0,chr1,USF1_no_motif_5000_train_chr1_2_15Aug2020_0010.csv
138,USF1,,,10000.0,0.0,,0.0,0.0,807.1212411411107,[],0.0,0.61734861549347,0.9972960135908822,0.0,5000.0,5000.0,0.0,chr1,USF1_no_motif_5000_train_chr1_4_15Aug2020_0010.csv
139,USF1,,,10000.0,0.0,,0.0,0.0,848.7788342814893,[],0.0,0.6212670789354356,0.9971974718121244,0.0,5000.0,5000.0,0.0,chr1,USF1_no_motif_5000_train_chr1_3_15Aug2020_0010.csv
140,TCF7L2,,,10000.0,0.0,,0.0,0.0,1143.5159853203222,[],0.0,0.4935644814389474,0.9975901774679208,0.0,5000.0,5000.0,0.0,chr1,TCF7L2_no_motif_5000_train_chr1_0_15Aug2020_0010.csv
141,TCF7L2,,,10000.0,0.0,,0.0,0.0,1083.2479355037212,[],0.0,0.5132669767743354,0.9976951598356548,0.0,5000.0,5000.0,0.0,chr1,TCF7L2_no_motif_5000_train_chr1_2_15Aug2020_0010.csv
142,TCF7L2,,,10000.0,0.0,,0.0,0.0,1145.78810897097,[],0.0,0.4638850141777717,0.9976235809485636,0.0,5000.0,5000.0,0.0,chr1,TCF7L2_no_motif_5000_train_chr1_1_15Aug2020_0010.csv
143,TCF7L2,,,10000.0,0.0,,0.0,0.0,1131.929499167949,[],0.0,0.4669109737808512,0.9976188090227572,0.0,5000.0,5000.0,0.0,chr1,TCF7L2_no_motif_5000_train_chr1_3_15Aug2020_0010.csv
144,TCF7L2,,,10000.0,0.0,,0.0,0.0,1068.9294468713924,[],0.0,0.4762952931657201,0.9976903879098488,0.0,5000.0,5000.0,0.0,chr1,TCF7L2_no_motif_5000_train_chr1_4_15Aug2020_0010.csv
145,TCF12,,,10000.0,0.0,,0.0,0.0,827.3509397879242,[],0.0,0.5925055161662782,0.9971760378264444,0.0,5000.0,5000.0,0.0,chr1,TCF12_no_motif_5000_train_chr1_0_15Aug2020_0010.csv
146,TCF12,,,10000.0,0.0,,0.0,0.0,881.062083843164,[],0.0,0.6272687222141662,0.997656192778144,0.0,5000.0,5000.0,0.0,chr1,TCF12_no_motif_5000_train_chr1_1_15Aug2020_0010.csv
147,TCF12,,,10000.0,0.0,,0.0,0.0,858.6156091894954,[],0.0,0.6032281905481769,0.9975829488024609,0.0,5000.0,5000.0,0.0,chr1,TCF12_no_motif_5000_train_chr1_2_15Aug2020_0010.csv
148,TCF12,,,10000.0,0.0,,0.0,0.0,795.4096196321769,[],0.0,0.6048784533279773,0.99755582140406,0.0,5000.0,5000.0,0.0,chr1,TCF12_no_motif_5000_train_chr1_3_15Aug2020_0010.csv
149,TCF12,,,10000.0,0.0,,0.0,0.0,813.7107705920935,[],0.0,0.6461421987721854,0.99804682731512,0.0,5000.0,5000.0,0.0,chr1,TCF12_no_motif_5000_train_chr1_4_15Aug2020_0010.csv
150,TARDBP,,,10000.0,0.0,,0.0,0.0,947.4416464073583,[],0.0,0.3547625310288455,0.9959972852493408,0.0,5000.0,5000.0,0.0,chr1,TARDBP_no_motif_5000_train_chr1_0_15Aug2020_0010.csv
151,TARDBP,,,10000.0,0.0,,0.0,0.0,953.547727553174,[],0.0,0.3535280119215421,0.996147676265984,0.0,5000.0,5000.0,0.0,chr1,TARDBP_no_motif_5000_train_chr1_2_15Aug2020_0010.csv
152,TARDBP,,,10000.0,0.0,,0.0,0.0,1012.3381273346022,[],0.0,0.3689053301236508,0.9962209436843484,0.0,5000.0,5000.0,0.0,chr1,TARDBP_no_motif_5000_train_chr1_1_15Aug2020_0010.csv
153,TARDBP,,,10000.0,0.0,,0.0,0.0,1007.9246863601727,[],0.0,0.3426007509803013,0.995422714442165,0.0,5000.0,5000.0,0.0,chr1,TARDBP_no_motif_5000_train_chr1_3_15Aug2020_0010.csv
154,TARDBP,,,10000.0,0.0,,0.0,0.0,1017.1138432798907,[],0.0,0.3806282306932755,0.9962170875044346,0.0,5000.0,5000.0,0.0,chr1,TARDBP_no_motif_5000_train_chr1_4_15Aug2020_0010.csv
155,SUZ12,,,10000.0,0.0,,0.0,0.0,938.3549946770073,[],0.0,0.2355939639460981,0.9938298329868828,0.0,5000.0,5000.0,0.0,chr1,SUZ12_no_motif_5000_train_chr1_1_15Aug2020_0010.csv
156,SUZ12,,,10000.0,0.0,,0.0,0.0,968.6722614262253,[],0.0,0.2649180818414417,0.9940993477170096,0.0,5000.0,5000.0,0.0,chr1,SUZ12_no_motif_5000_train_chr1_0_15Aug2020_0010.csv
157,SUZ12,,,10000.0,0.0,,0.0,0.0,927.5959209240973,[],0.0,0.2752770118958037,0.9942140348362124,0.0,5000.0,5000.0,0.0,chr1,SUZ12_no_motif_5000_train_chr1_2_15Aug2020_0010.csv
158,SUZ12,,,10000.0,0.0,,0.0,0.0,921.7232685238124,[],0.0,0.2787146841070847,0.9939760590638664,0.0,5000.0,5000.0,0.0,chr1,SUZ12_no_motif_5000_train_chr1_3_15Aug2020_0010.csv
159,SUZ12,,,10000.0,0.0,,0.0,0.0,926.0252037597819,[],0.0,0.2769868558208617,0.9944606121424988,0.0,5000.0,5000.0,0.0,chr1,SUZ12_no_motif_5000_train_chr1_4_15Aug2020_0010.csv
160,SP1,,,10000.0,0.0,,0.0,0.0,1094.8354841256514,[],0.0,0.22485372394027775,0.9914357178589296,0.0,5000.0,5000.0,0.0,chr1,SP1_no_motif_5000_train_chr1_0_15Aug2020_0010.csv
161,SP1,,,10000.0,0.0,,0.0,0.0,1042.4083335166797,[],0.0,0.22566416852097915,0.991615807903952,0.0,5000.0,5000.0,0.0,chr1,SP1_no_motif_5000_train_chr1_3_15Aug2020_0010.csv
162,SP1,,,10000.0,0.0,,0.0,0.0,1139.0759789096194,[],0.0,0.22503271323115032,0.9913556778389194,0.0,5000.0,5000.0,0.0,chr1,SP1_no_motif_5000_train_chr1_1_15Aug2020_0010.csv
163,SP1,,,10000.0,0.0,,0.0,0.0,1149.2749104462566,[],0.0,0.2201154425926207,0.9892746373186592,0.0,5000.0,5000.0,0.0,chr1,SP1_no_motif_5000_train_chr1_2_15Aug2020_0010.csv
164,SP1,,,10000.0,0.0,,0.0,0.0,1120.1103558689358,[],0.0,0.23442758018911455,0.9930565282641322,0.0,5000.0,5000.0,0.0,chr1,SP1_no_motif_5000_train_chr1_4_15Aug2020_0010.csv
165,SMC3,,,10000.0,0.0,,0.0,0.0,1032.6112061664462,[],0.0,0.6741069699923122,0.997957204948178,0.0,5000.0,5000.0,0.0,chr1,SMC3_no_motif_5000_train_chr1_0_15Aug2020_0010.csv
166,SMC3,,,10000.0,0.0,,0.0,0.0,1034.0077967280522,[],0.0,0.6940517380391884,0.998462052825142,0.0,5000.0,5000.0,0.0,chr1,SMC3_no_motif_5000_train_chr1_4_15Aug2020_0010.csv
167,SMC3,,,10000.0,0.0,,0.0,0.0,1110.301963686943,[],0.0,0.6861628458828226,0.9985155466399198,0.0,5000.0,5000.0,0.0,chr1,SMC3_no_motif_5000_train_chr1_3_15Aug2020_0010.csv
168,SMC3,,,10000.0,0.0,,0.0,0.0,1139.008720437996,[],0.0,0.7103566671763586,0.9986559679037113,0.0,5000.0,5000.0,0.0,chr1,SMC3_no_motif_5000_train_chr1_1_15Aug2020_0010.csv
169,SMC3,,,10000.0,0.0,,0.0,0.0,1304.3015550915152,[],0.0,0.6698622956154877,0.9981878970244064,0.0,5000.0,5000.0,0.0,chr1,SMC3_no_motif_5000_train_chr1_2_15Aug2020_0010.csv
170,SIN3A,,,10000.0,0.0,,0.0,0.0,1110.8463617470115,[],0.0,0.36874073631386384,0.996626267835654,0.0,5000.0,5000.0,0.0,chr1,SIN3A_no_motif_5000_train_chr1_1_15Aug2020_0010.csv
171,SIN3A,,,10000.0,0.0,,0.0,0.0,1202.2029742030427,[],0.0,0.3564183690745231,0.996629849292304,0.0,5000.0,5000.0,0.0,chr1,SIN3A_no_motif_5000_train_chr1_0_15Aug2020_0010.csv
172,SIN3A,,,10000.0,0.0,,0.0,0.0,1141.2794696316125,[],0.0,0.35656021180869113,0.9964686837430521,0.0,5000.0,5000.0,0.0,chr1,SIN3A_no_motif_5000_train_chr1_3_15Aug2020_0010.csv
173,SIN3A,,,10000.0,0.0,,0.0,0.0,1268.26980716642,[],0.0,0.3769261594338196,0.9966405936622544,0.0,5000.0,5000.0,0.0,chr1,SIN3A_no_motif_5000_train_chr1_2_15Aug2020_0010.csv
174,SIN3A,,,10000.0,0.0,,0.0,0.0,1161.9565264144912,[],0.0,0.3730003959459429,0.9967122227952552,0.0,5000.0,5000.0,0.0,chr1,SIN3A_no_motif_5000_train_chr1_4_15Aug2020_0010.csv
175,RNF2,,,10000.0,0.0,,0.0,0.0,833.177157279104,[],0.0,0.7006815588992271,0.998165076176126,0.0,5000.0,5000.0,0.0,chr1,RNF2_no_motif_5000_train_chr1_1_15Aug2020_0010.csv
176,RNF2,,,10000.0,0.0,,0.0,0.0,835.5062862504274,[],0.0,0.7084770034327564,0.9982432055360232,0.0,5000.0,5000.0,0.0,chr1,RNF2_no_motif_5000_train_chr1_2_15Aug2020_0010.csv
177,RNF2,,,10000.0,0.0,,0.0,0.0,890.5595347462222,[],0.0,0.7173224927218788,0.9984597354763101,0.0,5000.0,5000.0,0.0,chr1,RNF2_no_motif_5000_train_chr1_0_15Aug2020_0010.csv
178,RNF2,,,10000.0,0.0,,0.0,0.0,838.6823346316813,[],0.0,0.6932998999430355,0.9981137340253364,0.0,5000.0,5000.0,0.0,chr1,RNF2_no_motif_5000_train_chr1_3_15Aug2020_0010.csv
179,RNF2,,,10000.0,0.0,,0.0,0.0,862.0631266729906,[],0.0,0.7331225427519409,0.9986204587309558,0.0,5000.0,5000.0,0.0,chr1,RNF2_no_motif_5000_train_chr1_4_15Aug2020_0010.csv
180,RCOR1,,,10000.0,0.0,,0.0,0.0,1067.0970755629241,[],0.0,0.3156796220737922,0.9971732482997128,0.0,5000.0,5000.0,0.0,chr1,RCOR1_no_motif_5000_train_chr1_0_15Aug2020_0010.csv
181,RCOR1,,,10000.0,0.0,,0.0,0.0,1051.4395820666105,[],0.0,0.2965661658075186,0.9968574531506345,0.0,5000.0,5000.0,0.0,chr1,RCOR1_no_motif_5000_train_chr1_1_15Aug2020_0010.csv
182,RCOR1,,,10000.0,0.0,,0.0,0.0,1049.9311900632456,[],0.0,0.3340165758725788,0.9971963552618404,0.0,5000.0,5000.0,0.0,chr1,RCOR1_no_motif_5000_train_chr1_4_15Aug2020_0010.csv
183,RCOR1,,,10000.0,0.0,,0.0,0.0,1077.0251439604908,[],0.0,0.3031159393094989,0.9968728577920528,0.0,5000.0,5000.0,0.0,chr1,RCOR1_no_motif_5000_train_chr1_2_15Aug2020_0010.csv
184,RCOR1,,,10000.0,0.0,,0.0,0.0,1140.012808674015,[],0.0,0.3058502748592512,0.9967496206607049,0.0,5000.0,5000.0,0.0,chr1,RCOR1_no_motif_5000_train_chr1_3_15Aug2020_0010.csv
185,RAD51,,,10000.0,0.0,,0.0,0.0,829.8123169057071,[],0.0,0.5223853254352387,0.9977084169677506,0.0,5000.0,5000.0,0.0,chr1,RAD51_no_motif_5000_train_chr1_0_15Aug2020_0010.csv
186,RAD51,,,10000.0,0.0,,0.0,0.0,875.7145774178207,[],0.0,0.5467366065616289,0.9977251438511976,0.0,5000.0,5000.0,0.0,chr1,RAD51_no_motif_5000_train_chr1_1_15Aug2020_0010.csv
187,RAD51,,,10000.0,0.0,,0.0,0.0,845.6941825756802,[],0.0,0.5443581625564862,0.9976916900843036,0.0,5000.0,5000.0,0.0,chr1,RAD51_no_motif_5000_train_chr1_2_15Aug2020_0010.csv
188,RAD51,,,10000.0,0.0,,0.0,0.0,860.4438397986813,[],0.0,0.550928165080241,0.9979230786386548,0.0,5000.0,5000.0,0.0,chr1,RAD51_no_motif_5000_train_chr1_3_15Aug2020_0010.csv
189,RAD51,,,10000.0,0.0,,0.0,0.0,852.6655291169882,[],0.0,0.5803700166709085,0.9979258664525624,0.0,5000.0,5000.0,0.0,chr1,RAD51_no_motif_5000_train_chr1_4_15Aug2020_0010.csv
190,POLR2AphosphoS5,,,10000.0,0.0,,0.0,0.0,1174.7604946326464,[],0.0,0.5430526580180985,0.9949454375041842,0.0,5000.0,5000.0,0.0,chr1,POLR2AphosphoS5_no_motif_5000_train_chr1_1_15Aug2020_0010.csv
191,POLR2AphosphoS5,,,10000.0,0.0,,0.0,0.0,1173.7932679075748,[],0.0,0.5290064156783418,0.9946704731300032,0.0,5000.0,5000.0,0.0,chr1,POLR2AphosphoS5_no_motif_5000_train_chr1_2_15Aug2020_0010.csv
192,POLR2AphosphoS5,,,10000.0,0.0,,0.0,0.0,1261.1014064373448,[],0.0,0.5354393990526554,0.9950171673409272,0.0,5000.0,5000.0,0.0,chr1,POLR2AphosphoS5_no_motif_5000_train_chr1_0_15Aug2020_0010.csv
193,POLR2AphosphoS5,,,10000.0,0.0,,0.0,0.0,1148.3567516012115,[],0.0,0.5420044611124073,0.9951821459654356,0.0,5000.0,5000.0,0.0,chr1,POLR2AphosphoS5_no_motif_5000_train_chr1_4_15Aug2020_0010.csv
194,POLR2AphosphoS5,,,10000.0,0.0,,0.0,0.0,1192.5813703006133,[],0.0,0.5355412045969842,0.9948952266184644,0.0,5000.0,5000.0,0.0,chr1,POLR2AphosphoS5_no_motif_5000_train_chr1_3_15Aug2020_0010.csv
195,POLR2AphosphoS2,,,10000.0,0.0,,0.0,0.0,949.7068600719797,[],0.0,0.3333333333333333,0.9997999799979996,0.0,5000.0,5000.0,0.0,chr1,POLR2AphosphoS2_no_motif_5000_train_chr1_0_15Aug2020_0010.csv
196,POLR2AphosphoS2,,,10000.0,0.0,,0.0,0.0,970.2388354297728,[],0.0,0.25,0.9996999699969996,0.0,5000.0,5000.0,0.0,chr1,POLR2AphosphoS2_no_motif_5000_train_chr1_3_15Aug2020_0010.csv
197,POLR2AphosphoS2,,,10000.0,0.0,,0.0,0.0,1026.0179986171424,[],0.0,1.0,1.0,0.0,5000.0,5000.0,0.0,chr1,POLR2AphosphoS2_no_motif_5000_train_chr1_1_15Aug2020_0010.csv
198,POLR2AphosphoS2,,,10000.0,0.0,,0.0,0.0,1013.9944231975824,[],0.0,0.5,0.999899989999,0.0,5000.0,5000.0,0.0,chr1,POLR2AphosphoS2_no_motif_5000_train_chr1_2_15Aug2020_0010.csv
199,POLR2AphosphoS2,,,10000.0,0.0,,0.0,0.0,1011.9813288059087,[],0.0,0.25,0.9996999699969996,0.0,5000.0,5000.0,0.0,chr1,POLR2AphosphoS2_no_motif_5000_train_chr1_4_15Aug2020_0010.csv
200,POLR2A,,,10000.0,0.0,,0.0,0.0,1365.6187766222286,[],0.0,0.5826303298623521,0.989816534245307,0.0,5000.0,5000.0,0.0,chr1,POLR2A_no_motif_5000_train_chr1_1_15Aug2020_0010.csv
201,POLR2A,,,10000.0,0.0,,0.0,0.0,1361.65118475724,[],0.0,0.5822395893997189,0.99009154227772,0.0,5000.0,5000.0,0.0,chr1,POLR2A_no_motif_5000_train_chr1_4_15Aug2020_0010.csv
202,POLR2A,,,10000.0,0.0,,0.0,0.0,1378.0373568451032,[],0.0,0.5768448676148223,0.9892501810696452,0.0,5000.0,5000.0,0.0,chr1,POLR2A_no_motif_5000_train_chr1_3_15Aug2020_0010.csv
203,POLR2A,,,10000.0,0.0,,0.0,0.0,1547.1464844159784,[],0.0,0.5753334968734783,0.9881882688652788,0.0,5000.0,5000.0,0.0,chr1,POLR2A_no_motif_5000_train_chr1_0_15Aug2020_0010.csv
204,POLR2A,,,10000.0,0.0,,0.0,0.0,1545.7777184462177,[],0.0,0.5821248898756328,0.98977296861641,0.0,5000.0,5000.0,0.0,chr1,POLR2A_no_motif_5000_train_chr1_2_15Aug2020_0010.csv
205,PKNOX1,,,10000.0,0.0,,0.0,0.0,840.820280186832,[],0.0,0.6586517782836011,0.9960837185413456,0.0,5000.0,5000.0,0.0,chr1,PKNOX1_no_motif_5000_train_chr1_0_15Aug2020_0010.csv
206,PKNOX1,,,10000.0,0.0,,0.0,0.0,841.6070859953761,[],0.0,0.6625591037127679,0.9959885629906816,0.0,5000.0,5000.0,0.0,chr1,PKNOX1_no_motif_5000_train_chr1_1_15Aug2020_0010.csv
207,PKNOX1,,,10000.0,0.0,,0.0,0.0,827.7232811953872,[],0.0,0.6586368423002954,0.996229317998386,0.0,5000.0,5000.0,0.0,chr1,PKNOX1_no_motif_5000_train_chr1_3_15Aug2020_0010.csv
208,PKNOX1,,,10000.0,0.0,,0.0,0.0,850.1731819435954,[],0.0,0.6697841162065605,0.99636803874092,0.0,5000.0,5000.0,0.0,chr1,PKNOX1_no_motif_5000_train_chr1_2_15Aug2020_0010.csv
209,PKNOX1,,,10000.0,0.0,,0.0,0.0,838.7910461397843,[],0.0,0.6658858219749668,0.9958372312715534,0.0,5000.0,5000.0,0.0,chr1,PKNOX1_no_motif_5000_train_chr1_4_15Aug2020_0010.csv
210,PHF8,,,10000.0,0.0,,0.0,0.0,852.8054950665683,[],0.0,0.6782726819529327,0.9977046452242274,0.0,5000.0,5000.0,0.0,chr1,PHF8_no_motif_5000_train_chr1_1_15Aug2020_0010.csv
211,PHF8,,,10000.0,0.0,,0.0,0.0,871.2444208934903,[],0.0,0.6585816876862356,0.9975850954963228,0.0,5000.0,5000.0,0.0,chr1,PHF8_no_motif_5000_train_chr1_0_15Aug2020_0010.csv
212,PHF8,,,10000.0,0.0,,0.0,0.0,867.1824290044606,[],0.0,0.6866416929826084,0.997867232854178,0.0,5000.0,5000.0,0.0,chr1,PHF8_no_motif_5000_train_chr1_2_15Aug2020_0010.csv
213,PHF8,,,10000.0,0.0,,0.0,0.0,878.6587860658765,[],0.0,0.6474452634741922,0.9973507780296292,0.0,5000.0,5000.0,0.0,chr1,PHF8_no_motif_5000_train_chr1_3_15Aug2020_0010.csv
214,PHF8,,,10000.0,0.0,,0.0,0.0,1041.6764824334532,[],0.0,0.6881192733340982,0.9978481048977133,0.0,5000.0,5000.0,0.0,chr1,PHF8_no_motif_5000_train_chr1_4_15Aug2020_0010.csv
215,NR2C2,,,10000.0,0.0,,0.0,0.0,838.5879271626472,[],0.0,0.26785714285714285,0.9995999199839968,0.0,5000.0,5000.0,0.0,chr1,NR2C2_no_motif_5000_train_chr1_1_15Aug2020_0010.csv
216,NR2C2,,,10000.0,0.0,,0.0,0.0,876.9758742898703,[],0.0,0.5833333333333333,0.9998999799959992,0.0,5000.0,5000.0,0.0,chr1,NR2C2_no_motif_5000_train_chr1_0_15Aug2020_0010.csv
217,NR2C2,,,10000.0,0.0,,0.0,0.0,873.9308698615059,[],0.0,0.15555555555555556,0.9991998399679936,0.0,5000.0,5000.0,0.0,chr1,NR2C2_no_motif_5000_train_chr1_2_15Aug2020_0010.csv
218,NR2C2,,,10000.0,0.0,,0.0,0.0,844.1572449300438,[],0.0,0.24285714285714285,0.9995499099819964,0.0,5000.0,5000.0,0.0,chr1,NR2C2_no_motif_5000_train_chr1_4_15Aug2020_0010.csv
219,NR2C2,,,10000.0,0.0,,0.0,0.0,1019.4061264973134,[],0.0,0.26666666666666666,0.9995999199839968,0.0,5000.0,5000.0,0.0,chr1,NR2C2_no_motif_5000_train_chr1_3_15Aug2020_0010.csv
220,MXI1,,,10000.0,0.0,,0.0,0.0,1033.7035179287197,[],0.0,0.5953153716285959,0.9990191890908516,0.0,5000.0,5000.0,0.0,chr1,MXI1_no_motif_5000_train_chr1_0_15Aug2020_0010.csv
221,MXI1,,,10000.0,0.0,,0.0,0.0,929.3229131018744,[],0.0,0.5627175944472669,0.9988451742521316,0.0,5000.0,5000.0,0.0,chr1,MXI1_no_motif_5000_train_chr1_3_15Aug2020_0010.csv
222,MXI1,,,10000.0,0.0,,0.0,0.0,1015.4430122599007,[],0.0,0.5769353030691267,0.9990191890908516,0.0,5000.0,5000.0,0.0,chr1,MXI1_no_motif_5000_train_chr1_1_15Aug2020_0010.csv
223,MXI1,,,10000.0,0.0,,0.0,0.0,1007.8940049437807,[],0.0,0.5897517059929389,0.9990244622677824,0.0,5000.0,5000.0,0.0,chr1,MXI1_no_motif_5000_train_chr1_2_15Aug2020_0010.csv
224,MXI1,,,10000.0,0.0,,0.0,0.0,1022.7169192004947,[],0.0,0.5527515187054661,0.9988609937829244,0.0,5000.0,5000.0,0.0,chr1,MXI1_no_motif_5000_train_chr1_4_15Aug2020_0010.csv
225,MAZ,,,10000.0,0.0,,0.0,0.0,1183.3349125161767,[],0.0,0.6252007456760085,0.9975630142520912,0.0,5000.0,5000.0,0.0,chr1,MAZ_no_motif_5000_train_chr1_0_15Aug2020_0010.csv
226,MAZ,,,10000.0,0.0,,0.0,0.0,1175.4364520693198,[],0.0,0.6252942016547055,0.9975288109433486,0.0,5000.0,5000.0,0.0,chr1,MAZ_no_motif_5000_train_chr1_2_15Aug2020_0010.csv
227,MAZ,,,10000.0,0.0,,0.0,0.0,1160.3646264122801,[],0.0,0.6192419480521202,0.9974839191006241,0.0,5000.0,5000.0,0.0,chr1,MAZ_no_motif_5000_train_chr1_3_15Aug2020_0010.csv
228,MAZ,,,10000.0,0.0,,0.0,0.0,1249.7294260822234,[],0.0,0.6139896455191254,0.9974219256035282,0.0,5000.0,5000.0,0.0,chr1,MAZ_no_motif_5000_train_chr1_1_15Aug2020_0010.csv
229,MAZ,,,10000.0,0.0,,0.0,0.0,1156.047670641914,[],0.0,0.6161596482411251,0.9974582666190672,0.0,5000.0,5000.0,0.0,chr1,MAZ_no_motif_5000_train_chr1_4_15Aug2020_0010.csv
230,KDM1A,,,10000.0,0.0,,0.0,0.0,954.3355256021024,[],0.0,0.511870696867749,0.9882432628223704,0.0,5000.0,5000.0,0.0,chr1,KDM1A_no_motif_5000_train_chr1_2_15Aug2020_0010.csv
231,KDM1A,,,10000.0,0.0,,0.0,0.0,960.1902475059034,[],0.0,0.5046541189695307,0.9875811359026371,0.0,5000.0,5000.0,0.0,chr1,KDM1A_no_motif_5000_train_chr1_3_15Aug2020_0010.csv
232,KDM1A,,,10000.0,0.0,,0.0,0.0,1009.2638354012744,[],0.0,0.5124825535354578,0.9879165459287162,0.0,5000.0,5000.0,0.0,chr1,KDM1A_no_motif_5000_train_chr1_1_15Aug2020_0010.csv
233,KDM1A,,,10000.0,0.0,,0.0,0.0,955.1658850070088,[],0.0,0.5086105910402327,0.987926687916546,0.0,5000.0,5000.0,0.0,chr1,KDM1A_no_motif_5000_train_chr1_4_15Aug2020_0010.csv
234,KDM1A,,,10000.0,0.0,,0.0,0.0,1178.8794856891036,[],0.0,0.509829279715406,0.9878607649956536,0.0,5000.0,5000.0,0.0,chr1,KDM1A_no_motif_5000_train_chr1_0_15Aug2020_0010.csv
235,JUN,,,10000.0,0.0,,0.0,0.0,1036.7364523755386,[],0.0,0.05052455052455053,0.9950980392156864,0.0,5000.0,5000.0,0.0,chr1,JUN_no_motif_5000_train_chr1_0_15Aug2020_0010.csv
236,JUN,,,10000.0,0.0,,0.0,0.0,1041.9965741485355,[],0.0,0.07312324929971989,0.9967737094837934,0.0,5000.0,5000.0,0.0,chr1,JUN_no_motif_5000_train_chr1_1_15Aug2020_0010.csv
237,JUN,,,10000.0,0.0,,0.0,0.0,1033.5624870527536,[],0.0,0.05568084436221652,0.9959483793517406,0.0,5000.0,5000.0,0.0,chr1,JUN_no_motif_5000_train_chr1_2_15Aug2020_0010.csv
238,JUN,,,10000.0,0.0,,0.0,0.0,1137.0884042186665,[],0.0,0.08509012916907653,0.9965486194477792,0.0,5000.0,5000.0,0.0,chr1,JUN_no_motif_5000_train_chr1_4_15Aug2020_0010.csv
239,JUN,,,10000.0,0.0,,0.0,0.0,1156.1342554939908,[],0.0,0.07819164989939638,0.9964735894357744,0.0,5000.0,5000.0,0.0,chr1,JUN_no_motif_5000_train_chr1_3_15Aug2020_0010.csv
240,HDGF,,,10000.0,0.0,,0.0,0.0,864.9293546369299,[],0.0,0.5677811820111185,0.9975013794141252,0.0,5000.0,5000.0,0.0,chr1,HDGF_no_motif_5000_train_chr1_0_15Aug2020_0010.csv
241,HDGF,,,10000.0,0.0,,0.0,0.0,816.4812087584288,[],0.0,0.5386220425120394,0.9975484048956662,0.0,5000.0,5000.0,0.0,chr1,HDGF_no_motif_5000_train_chr1_3_15Aug2020_0010.csv
242,HDGF,,,10000.0,0.0,,0.0,0.0,855.7753237793222,[],0.0,0.5629096983730657,0.9976393208266452,0.0,5000.0,5000.0,0.0,chr1,HDGF_no_motif_5000_train_chr1_2_15Aug2020_0010.csv
243,HDGF,,,10000.0,0.0,,0.0,0.0,839.6695870794356,[],0.0,0.523692839494617,0.997504514446228,0.0,5000.0,5000.0,0.0,chr1,HDGF_no_motif_5000_train_chr1_4_15Aug2020_0010.csv
244,HDGF,,,10000.0,0.0,,0.0,0.0,991.2916130730882,[],0.0,0.5253451337671196,0.9973603029695024,0.0,5000.0,5000.0,0.0,chr1,HDGF_no_motif_5000_train_chr1_1_15Aug2020_0010.csv
245,HDAC2,,,10000.0,0.0,,0.0,0.0,937.5830658534543,[],0.0,0.256390977443609,0.9990395197598798,0.0,5000.0,5000.0,0.0,chr1,HDAC2_no_motif_5000_train_chr1_0_15Aug2020_0010.csv
246,HDAC2,,,10000.0,0.0,,0.0,0.0,937.7128964383156,[],0.0,0.21111111111111108,0.9988994497248624,0.0,5000.0,5000.0,0.0,chr1,HDAC2_no_motif_5000_train_chr1_1_15Aug2020_0010.csv
247,HDAC2,,,10000.0,0.0,,0.0,0.0,948.7387320399284,[],0.0,0.21269904009034446,0.9988594297148576,0.0,5000.0,5000.0,0.0,chr1,HDAC2_no_motif_5000_train_chr1_2_15Aug2020_0010.csv
248,HDAC2,,,10000.0,0.0,,0.0,0.0,961.2948784967883,[],0.0,0.2458683473389356,0.9990195097548774,0.0,5000.0,5000.0,0.0,chr1,HDAC2_no_motif_5000_train_chr1_3_15Aug2020_0010.csv
249,HDAC2,,,10000.0,0.0,,0.0,0.0,1006.7830828875303,[],0.0,0.2351010101010101,0.9989794897448724,0.0,5000.0,5000.0,0.0,chr1,HDAC2_no_motif_5000_train_chr1_4_15Aug2020_0010.csv
250,HCFC1,,,10000.0,0.0,,0.0,0.0,822.7938129790127,[],0.0,0.6622566381924672,0.9995722567551578,0.0,5000.0,5000.0,0.0,chr1,HCFC1_no_motif_5000_train_chr1_1_15Aug2020_0010.csv
251,HCFC1,,,10000.0,0.0,,0.0,0.0,849.1406751740724,[],0.0,0.6273602434146494,0.9995267521546428,0.0,5000.0,5000.0,0.0,chr1,HCFC1_no_motif_5000_train_chr1_0_15Aug2020_0010.csv
252,HCFC1,,,10000.0,0.0,,0.0,0.0,831.2067091604695,[],0.0,0.6202106370555569,0.9994721466340248,0.0,5000.0,5000.0,0.0,chr1,HCFC1_no_motif_5000_train_chr1_3_15Aug2020_0010.csv
253,HCFC1,,,10000.0,0.0,,0.0,0.0,851.8409034674988,[],0.0,0.6301150643512885,0.9995176512345398,0.0,5000.0,5000.0,0.0,chr1,HCFC1_no_motif_5000_train_chr1_2_15Aug2020_0010.csv
254,HCFC1,,,10000.0,0.0,,0.0,0.0,869.007718089968,[],0.0,0.6478489246938445,0.9995176512345401,0.0,5000.0,5000.0,0.0,chr1,HCFC1_no_motif_5000_train_chr1_4_15Aug2020_0010.csv
255,H4K20me1,,,10000.0,0.0,,0.0,0.0,1861.1543436367065,[],0.0,0.21394404259808894,0.9336987572703672,0.0,5000.0,5000.0,0.0,chr1,H4K20me1_no_motif_5000_train_chr1_0_15Aug2020_0010.csv
256,H4K20me1,,,10000.0,0.0,,0.0,0.0,1790.52417348139,[],0.0,0.2169050475364349,0.9384048946752076,0.0,5000.0,5000.0,0.0,chr1,H4K20me1_no_motif_5000_train_chr1_1_15Aug2020_0010.csv
257,H4K20me1,,,10000.0,0.0,,0.0,0.0,1858.2243984639645,[],0.0,0.20407428798135266,0.9097387448229748,0.0,5000.0,5000.0,0.0,chr1,H4K20me1_no_motif_5000_train_chr1_4_15Aug2020_0010.csv
258,H4K20me1,,,10000.0,0.0,,0.0,0.0,2063.8172349520028,[],0.0,0.2110340741619018,0.9290547350331372,0.0,5000.0,5000.0,0.0,chr1,H4K20me1_no_motif_5000_train_chr1_3_15Aug2020_0010.csv
259,H4K20me1,,,10000.0,0.0,,0.0,0.0,2236.7513969512656,[],0.0,0.2137209773091648,0.9287733898621956,0.0,5000.0,5000.0,0.0,chr1,H4K20me1_no_motif_5000_train_chr1_2_15Aug2020_0010.csv
260,NFRKB,,,10000.0,0.0,,0.0,0.0,819.5489199431613,[],0.0,0.935533309631054,0.9998711580032352,0.0,5000.0,5000.0,0.0,chr1,NFRKB_no_motif_5000_train_chr1_2_15Aug2020_0010.csv
261,NFRKB,,,10000.0,0.0,,0.0,0.0,836.57639365457,[],0.0,0.9406650035369531,0.9998759299290416,0.0,5000.0,5000.0,0.0,chr1,NFRKB_no_motif_5000_train_chr1_0_15Aug2020_0010.csv
262,NFRKB,,,10000.0,0.0,,0.0,0.0,842.938045120798,[],0.0,0.9499281442924116,0.999899789558072,0.0,5000.0,5000.0,0.0,chr1,NFRKB_no_motif_5000_train_chr1_3_15Aug2020_0010.csv
263,NFRKB,,,10000.0,0.0,,0.0,0.0,880.970384827815,[],0.0,0.940921641106342,0.9998807018548476,0.0,5000.0,5000.0,0.0,chr1,NFRKB_no_motif_5000_train_chr1_1_15Aug2020_0010.csv
264,NFRKB,,,10000.0,0.0,,0.0,0.0,877.7941284645349,[],0.0,0.9454991965706252,0.9998902457064598,0.0,5000.0,5000.0,0.0,chr1,NFRKB_no_motif_5000_train_chr1_4_15Aug2020_0010.csv
265,H3K9me3,,,10000.0,0.0,,0.0,0.0,1648.830301698297,[],0.0,0.6606365134924833,0.9848331149722028,0.0,5000.0,5000.0,0.0,chr1,H3K9me3_no_motif_5000_train_chr1_0_15Aug2020_0010.csv
266,H3K9me3,,,10000.0,0.0,,0.0,0.0,1677.9479101123288,[],0.0,0.6585423587336086,0.9847133388246092,0.0,5000.0,5000.0,0.0,chr1,H3K9me3_no_motif_5000_train_chr1_2_15Aug2020_0010.csv
267,H3K9me3,,,10000.0,0.0,,0.0,0.0,1698.610463405959,[],0.0,0.6556186670687276,0.9846672710755344,0.0,5000.0,5000.0,0.0,chr1,H3K9me3_no_motif_5000_train_chr1_1_15Aug2020_0010.csv
268,H3K9me3,,,10000.0,0.0,,0.0,0.0,1594.4691458921882,[],0.0,0.6617971168743999,0.9849418348600186,0.0,5000.0,5000.0,0.0,chr1,H3K9me3_no_motif_5000_train_chr1_4_15Aug2020_0010.csv
269,H3K9me3,,,10000.0,0.0,,0.0,0.0,1769.2517011249438,[],0.0,0.6607279610480508,0.9848699691714624,0.0,5000.0,5000.0,0.0,chr1,H3K9me3_no_motif_5000_train_chr1_3_15Aug2020_0010.csv
270,H3K9me2,,,10000.0,0.0,,0.0,0.0,1094.1096741845834,[],0.0,0.5668786031146142,0.9966400983130766,0.0,5000.0,5000.0,0.0,chr1,H3K9me2_no_motif_5000_train_chr1_1_15Aug2020_0010.csv
271,H3K9me2,,,10000.0,0.0,,0.0,0.0,1127.8612553868445,[],0.0,0.5587817382833927,0.9966313826147968,0.0,5000.0,5000.0,0.0,chr1,H3K9me2_no_motif_5000_train_chr1_2_15Aug2020_0010.csv
272,H3K9me2,,,10000.0,0.0,,0.0,0.0,1128.5026623448355,[],0.0,0.5930355917289104,0.9968231279769556,0.0,5000.0,5000.0,0.0,chr1,H3K9me2_no_motif_5000_train_chr1_4_15Aug2020_0010.csv
273,H3K9me2,,,10000.0,0.0,,0.0,0.0,1153.0496127130466,[],0.0,0.5431993971654583,0.9965442256319972,0.0,5000.0,5000.0,0.0,chr1,H3K9me2_no_motif_5000_train_chr1_3_15Aug2020_0010.csv
274,H3K9me2,,,10000.0,0.0,,0.0,0.0,1279.8222069600595,[],0.0,0.6064172367182221,0.9965137206880172,0.0,5000.0,5000.0,0.0,chr1,H3K9me2_no_motif_5000_train_chr1_0_15Aug2020_0010.csv
275,H3K9ac,,,10000.0,0.0,,0.0,0.0,1583.8956702947614,[],0.0,0.6075420878560926,0.9715060988680224,0.0,5000.0,5000.0,0.0,chr1,H3K9ac_no_motif_5000_train_chr1_2_15Aug2020_0010.csv
276,H3K9ac,,,10000.0,0.0,,0.0,0.0,1642.5844992129132,[],0.0,0.6034067928405229,0.9714786626259982,0.0,5000.0,5000.0,0.0,chr1,H3K9ac_no_motif_5000_train_chr1_0_15Aug2020_0010.csv
277,H3K9ac,,,10000.0,0.0,,0.0,0.0,1653.7084063561633,[],0.0,0.6098449565385863,0.9721061663836402,0.0,5000.0,5000.0,0.0,chr1,H3K9ac_no_motif_5000_train_chr1_3_15Aug2020_0010.csv
278,H3K9ac,,,10000.0,0.0,,0.0,0.0,1958.2345404112714,[],0.0,0.6021716489256606,0.9722768807784576,0.0,5000.0,5000.0,0.0,chr1,H3K9ac_no_motif_5000_train_chr1_1_15Aug2020_0010.csv
279,H3K9ac,,,10000.0,0.0,,0.0,0.0,1936.3766081510114,[],0.0,0.6058452316892435,0.9721190020524236,0.0,5000.0,5000.0,0.0,chr1,H3K9ac_no_motif_5000_train_chr1_4_15Aug2020_0010.csv
280,H3K79me2,,,10000.0,0.0,,0.0,0.0,1572.7111570006234,[],0.0,0.37588029727928657,0.9482265981594842,0.0,5000.0,5000.0,0.0,chr1,H3K79me2_no_motif_5000_train_chr1_4_15Aug2020_0010.csv
281,H3K79me2,,,10000.0,0.0,,0.0,0.0,1513.1482226867226,[],0.0,0.3829418930429264,0.9492614171808804,0.0,5000.0,5000.0,0.0,chr1,H3K79me2_no_motif_5000_train_chr1_1_15Aug2020_0010.csv
282,H3K79me2,,,10000.0,0.0,,0.0,0.0,1506.738416224718,[],0.0,0.3728392169031045,0.9473025706582756,0.0,5000.0,5000.0,0.0,chr1,H3K79me2_no_motif_5000_train_chr1_3_15Aug2020_0010.csv
283,H3K79me2,,,10000.0,0.0,,0.0,0.0,1547.5825381530447,[],0.0,0.3801314668850321,0.947113438388606,0.0,5000.0,5000.0,0.0,chr1,H3K79me2_no_motif_5000_train_chr1_2_15Aug2020_0010.csv
284,H3K79me2,,,10000.0,0.0,,0.0,0.0,1794.3106580842284,[],0.0,0.36845187419798975,0.9495616687562995,0.0,5000.0,5000.0,0.0,chr1,H3K79me2_no_motif_5000_train_chr1_0_15Aug2020_0010.csv
285,H3K4me3,,,10000.0,0.0,,0.0,0.0,2131.3888297379017,[],0.0,0.6944716174032322,0.9903092282616432,0.0,5000.0,5000.0,0.0,chr1,H3K4me3_no_motif_5000_train_chr1_0_15Aug2020_0010.csv
286,H3K4me3,,,10000.0,0.0,,0.0,0.0,2182.357529704459,[],0.0,0.6944814666821923,0.9900804142885796,0.0,5000.0,5000.0,0.0,chr1,H3K4me3_no_motif_5000_train_chr1_1_15Aug2020_0010.csv
287,H3K4me3,,,10000.0,0.0,,0.0,0.0,2120.509739967063,[],0.0,0.6904554102414344,0.9889398736876284,0.0,5000.0,5000.0,0.0,chr1,H3K4me3_no_motif_5000_train_chr1_2_15Aug2020_0010.csv
288,H3K4me3,,,10000.0,0.0,,0.0,0.0,2516.746730178594,[],0.0,0.6899110851226187,0.989816307671856,0.0,5000.0,5000.0,0.0,chr1,H3K4me3_no_motif_5000_train_chr1_4_15Aug2020_0010.csv
289,H3K4me3,,,10000.0,0.0,,0.0,0.0,2572.3347230199724,[],0.0,0.6925843736704671,0.9896886659439516,0.0,5000.0,5000.0,0.0,chr1,H3K4me3_no_motif_5000_train_chr1_3_15Aug2020_0010.csv
290,H3K4me2,,,10000.0,0.0,,0.0,0.0,1806.171709135175,[],0.0,0.5892800228236411,0.9540754192796164,0.0,5000.0,5000.0,0.0,chr1,H3K4me2_no_motif_5000_train_chr1_1_15Aug2020_0010.csv
291,H3K4me2,,,10000.0,0.0,,0.0,0.0,1808.6966608706866,[],0.0,0.5925870555415869,0.954636983887542,0.0,5000.0,5000.0,0.0,chr1,H3K4me2_no_motif_5000_train_chr1_3_15Aug2020_0010.csv
292,H3K4me2,,,10000.0,0.0,,0.0,0.0,1826.8274134509265,[],0.0,0.5923376004586596,0.9553986367648608,0.0,5000.0,5000.0,0.0,chr1,H3K4me2_no_motif_5000_train_chr1_2_15Aug2020_0010.csv
293,H3K4me2,,,10000.0,0.0,,0.0,0.0,1804.37280812487,[],0.0,0.5979967740754777,0.955326794371838,0.0,5000.0,5000.0,0.0,chr1,H3K4me2_no_motif_5000_train_chr1_4_15Aug2020_0010.csv
294,H3K4me2,,,10000.0,0.0,,0.0,0.0,2102.7170285768807,[],0.0,0.5949144616950577,0.9560308086530354,0.0,5000.0,5000.0,0.0,chr1,H3K4me2_no_motif_5000_train_chr1_0_15Aug2020_0010.csv
295,H3K4me1,,,10000.0,0.0,,0.0,0.0,2056.8704125797376,[],0.0,0.3461602401968713,0.9058911436212049,0.0,5000.0,5000.0,0.0,chr1,H3K4me1_no_motif_5000_train_chr1_3_15Aug2020_0010.csv
296,H3K4me1,,,10000.0,0.0,,0.0,0.0,2140.4604949811473,[],0.0,0.3346720616326784,0.9027060662347314,0.0,5000.0,5000.0,0.0,chr1,H3K4me1_no_motif_5000_train_chr1_4_15Aug2020_0010.csv
297,H3K4me1,,,10000.0,0.0,,0.0,0.0,2339.876449926757,[],0.0,0.3357906485633089,0.90313962886419,0.0,5000.0,5000.0,0.0,chr1,H3K4me1_no_motif_5000_train_chr1_1_15Aug2020_0010.csv
298,H3K4me1,,,10000.0,0.0,,0.0,0.0,2344.9014497268945,[],0.0,0.3416643569756396,0.9049360659790108,0.0,5000.0,5000.0,0.0,chr1,H3K4me1_no_motif_5000_train_chr1_2_15Aug2020_0010.csv
299,H3K4me1,,,10000.0,0.0,,0.0,0.0,2357.949853079393,[],0.0,0.3296289224896745,0.9023664615477606,0.0,5000.0,5000.0,0.0,chr1,H3K4me1_no_motif_5000_train_chr1_0_15Aug2020_0010.csv
300,H3K36me3,,,10000.0,0.0,,0.0,0.0,1893.325134994462,[],0.0,0.2671232949353162,0.9720731571412652,0.0,5000.0,5000.0,0.0,chr1,H3K36me3_no_motif_5000_train_chr1_1_15Aug2020_0010.csv
301,H3K36me3,,,10000.0,0.0,,0.0,0.0,1972.1681516636165,[],0.0,0.26902447255267264,0.9715473812646624,0.0,5000.0,5000.0,0.0,chr1,H3K36me3_no_motif_5000_train_chr1_2_15Aug2020_0010.csv
302,H3K36me3,,,10000.0,0.0,,0.0,0.0,2001.273402235471,[],0.0,0.27024540075153725,0.9719788603807874,0.0,5000.0,5000.0,0.0,chr1,H3K36me3_no_motif_5000_train_chr1_4_15Aug2020_0010.csv
303,H3K36me3,,,10000.0,0.0,,0.0,0.0,2215.347681757994,[],0.0,0.27241906880950506,0.9725875031075067,0.0,5000.0,5000.0,0.0,chr1,H3K36me3_no_motif_5000_train_chr1_3_15Aug2020_0010.csv
304,H3K36me3,,,10000.0,0.0,,0.0,0.0,2484.636272251606,[],0.0,0.27035604102908783,0.9723296157549884,0.0,5000.0,5000.0,0.0,chr1,H3K36me3_no_motif_5000_train_chr1_0_15Aug2020_0010.csv
305,H3K27me3,,,10000.0,0.0,,0.0,0.0,1971.9653031276541,[],0.0,0.17648060004695726,0.6702906769442134,0.0,5000.0,5000.0,0.0,chr1,H3K27me3_no_motif_5000_train_chr1_0_15Aug2020_0010.csv
306,H3K27me3,,,10000.0,0.0,,0.0,0.0,2464.120602261275,[],0.0,0.17806344992168022,0.6807922833662837,0.0,5000.0,5000.0,0.0,chr1,H3K27me3_no_motif_5000_train_chr1_1_15Aug2020_0010.csv
307,H3K27me3,,,10000.0,0.0,,0.0,0.0,1991.8402736391872,[],0.0,0.17968965611279974,0.6750122344190865,0.0,5000.0,5000.0,0.0,chr1,H3K27me3_no_motif_5000_train_chr1_2_15Aug2020_0010.csv
308,H3K27me3,,,10000.0,0.0,,0.0,0.0,1943.2687896601856,[],0.0,0.1761636039729239,0.6757962250390478,0.0,5000.0,5000.0,0.0,chr1,H3K27me3_no_motif_5000_train_chr1_3_15Aug2020_0010.csv
309,H3K27me3,,,10000.0,0.0,,0.0,0.0,1996.8576846932992,[],0.0,0.17704964663233252,0.6713900489900415,0.0,5000.0,5000.0,0.0,chr1,H3K27me3_no_motif_5000_train_chr1_4_15Aug2020_0010.csv
310,H3K27ac,,,10000.0,0.0,,0.0,0.0,2028.3651180937889,[],0.0,0.57527941611715,0.9703337065150648,0.0,5000.0,5000.0,0.0,chr1,H3K27ac_no_motif_5000_train_chr1_4_15Aug2020_0010.csv
311,H3K27ac,,,10000.0,0.0,,0.0,0.0,2080.8476520273834,[],0.0,0.573311243345596,0.9690963841072222,0.0,5000.0,5000.0,0.0,chr1,H3K27ac_no_motif_5000_train_chr1_1_15Aug2020_0010.csv
312,H3K27ac,,,10000.0,0.0,,0.0,0.0,2110.9818621408194,[],0.0,0.5795841768911216,0.9700918662262592,0.0,5000.0,5000.0,0.0,chr1,H3K27ac_no_motif_5000_train_chr1_0_15Aug2020_0010.csv
313,H3K27ac,,,10000.0,0.0,,0.0,0.0,2077.4672718485817,[],0.0,0.5728110845011167,0.9702003800630968,0.0,5000.0,5000.0,0.0,chr1,H3K27ac_no_motif_5000_train_chr1_2_15Aug2020_0010.csv
314,H3K27ac,,,10000.0,0.0,,0.0,0.0,2354.1899010296906,[],0.0,0.5854944344699621,0.97034925575388,0.0,5000.0,5000.0,0.0,chr1,H3K27ac_no_motif_5000_train_chr1_3_15Aug2020_0010.csv
315,H3F3A,,,10000.0,0.0,,0.0,0.0,881.7875599190593,[],0.0,0.6429838313761296,0.9772994420359546,0.0,5000.0,5000.0,0.0,chr1,H3F3A_no_motif_5000_train_chr1_0_15Aug2020_0010.csv
316,H3F3A,,,10000.0,0.0,,0.0,0.0,814.9446322666481,[],0.0,0.6372451190386691,0.9763207329532348,0.0,5000.0,5000.0,0.0,chr1,H3F3A_no_motif_5000_train_chr1_1_15Aug2020_0010.csv
317,H3F3A,,,10000.0,0.0,,0.0,0.0,821.6957632331176,[],0.0,0.6522545770884091,0.9778319896057099,0.0,5000.0,5000.0,0.0,chr1,H3F3A_no_motif_5000_train_chr1_2_15Aug2020_0010.csv
318,H3F3A,,,10000.0,0.0,,0.0,0.0,842.7747353818268,[],0.0,0.6468598554381564,0.9769601395758994,0.0,5000.0,5000.0,0.0,chr1,H3F3A_no_motif_5000_train_chr1_3_15Aug2020_0010.csv
319,H3F3A,,,10000.0,0.0,,0.0,0.0,869.5940331071615,[],0.0,0.6417086498409539,0.9768710071415804,0.0,5000.0,5000.0,0.0,chr1,H3F3A_no_motif_5000_train_chr1_4_15Aug2020_0010.csv
320,H2AFZ,,,10000.0,0.0,,0.0,0.0,1708.4574987702072,[],0.0,0.4625905146027438,0.9477738499988744,0.0,5000.0,5000.0,0.0,chr1,H2AFZ_no_motif_5000_train_chr1_0_15Aug2020_0010.csv
321,H2AFZ,,,10000.0,0.0,,0.0,0.0,1730.495919385925,[],0.0,0.4653761279127073,0.9489293675275258,0.0,5000.0,5000.0,0.0,chr1,H2AFZ_no_motif_5000_train_chr1_1_15Aug2020_0010.csv
322,H2AFZ,,,10000.0,0.0,,0.0,0.0,1940.276126548648,[],0.0,0.4620839312861206,0.9468356862480204,0.0,5000.0,5000.0,0.0,chr1,H2AFZ_no_motif_5000_train_chr1_2_15Aug2020_0010.csv
323,H2AFZ,,,10000.0,0.0,,0.0,0.0,1931.5456405719744,[],0.0,0.4625854953763306,0.94537365185869,0.0,5000.0,5000.0,0.0,chr1,H2AFZ_no_motif_5000_train_chr1_3_15Aug2020_0010.csv
324,H2AFZ,,,10000.0,0.0,,0.0,0.0,1941.8272902257738,[],0.0,0.465974053160714,0.9475393841142608,0.0,5000.0,5000.0,0.0,chr1,H2AFZ_no_motif_5000_train_chr1_4_15Aug2020_0010.csv
325,GTF2F1,,,10000.0,0.0,,0.0,0.0,992.6174982627854,[],0.0,0.5232199115699827,0.9978080018825908,0.0,5000.0,5000.0,0.0,chr1,GTF2F1_no_motif_5000_train_chr1_0_15Aug2020_0010.csv
326,GTF2F1,,,10000.0,0.0,,0.0,0.0,1007.3066196450965,[],0.0,0.5634363029902112,0.9982917231371284,0.0,5000.0,5000.0,0.0,chr1,GTF2F1_no_motif_5000_train_chr1_1_15Aug2020_0010.csv
327,GTF2F1,,,10000.0,0.0,,0.0,0.0,962.9336721636356,[],0.0,0.5335232433138497,0.9980171786413096,0.0,5000.0,5000.0,0.0,chr1,GTF2F1_no_motif_5000_train_chr1_2_15Aug2020_0010.csv
328,GTF2F1,,,10000.0,0.0,,0.0,0.0,964.0141207166016,[],0.0,0.5703073161771901,0.998344017326808,0.0,5000.0,5000.0,0.0,chr1,GTF2F1_no_motif_5000_train_chr1_4_15Aug2020_0010.csv
329,GTF2F1,,,10000.0,0.0,,0.0,0.0,1151.1416467586532,[],0.0,0.5456598011361796,0.9980171786413098,0.0,5000.0,5000.0,0.0,chr1,GTF2F1_no_motif_5000_train_chr1_3_15Aug2020_0010.csv
330,FOXK2,,,10000.0,0.0,,0.0,0.0,991.0530314510687,[],0.0,0.2774280151934348,0.9976697974296292,0.0,5000.0,5000.0,0.0,chr1,FOXK2_no_motif_5000_train_chr1_1_15Aug2020_0010.csv
331,FOXK2,,,10000.0,0.0,,0.0,0.0,949.6950330296534,[],0.0,0.3685624890982034,0.9982702177238352,0.0,5000.0,5000.0,0.0,chr1,FOXK2_no_motif_5000_train_chr1_3_15Aug2020_0010.csv
332,FOXK2,,,10000.0,0.0,,0.0,0.0,1000.2734418259934,[],0.0,0.28440392898788697,0.9973409958399452,0.0,5000.0,5000.0,0.0,chr1,FOXK2_no_motif_5000_train_chr1_2_15Aug2020_0010.csv
333,FOXK2,,,10000.0,0.0,,0.0,0.0,1137.8482962092385,[],0.0,0.2666473707171382,0.9975125444954324,0.0,5000.0,5000.0,0.0,chr1,FOXK2_no_motif_5000_train_chr1_0_15Aug2020_0010.csv
334,FOXK2,,,10000.0,0.0,,0.0,0.0,994.1433464298024,[],0.0,0.3867747098839536,0.9985704278709382,0.0,5000.0,5000.0,0.0,chr1,FOXK2_no_motif_5000_train_chr1_4_15Aug2020_0010.csv
335,FOXA1,,,10000.0,0.0,,0.0,0.0,832.2027336414903,[],0.0,0.6989651990766316,0.9974670445506706,0.0,5000.0,5000.0,0.0,chr1,FOXA1_no_motif_5000_train_chr1_0_15Aug2020_0010.csv
336,FOXA1,,,10000.0,0.0,,0.0,0.0,859.3792454591022,[],0.0,0.6942699289950182,0.9975416946604578,0.0,5000.0,5000.0,0.0,chr1,FOXA1_no_motif_5000_train_chr1_1_15Aug2020_0010.csv
337,FOXA1,,,10000.0,0.0,,0.0,0.0,854.1718785697593,[],0.0,0.7155989859715045,0.997819701965872,0.0,5000.0,5000.0,0.0,chr1,FOXA1_no_motif_5000_train_chr1_2_15Aug2020_0010.csv
338,FOXA1,,,10000.0,0.0,,0.0,0.0,860.9286875808612,[],0.0,0.6940695577189889,0.997361504740282,0.0,5000.0,5000.0,0.0,chr1,FOXA1_no_motif_5000_train_chr1_3_15Aug2020_0010.csv
339,FOXA1,,,10000.0,0.0,,0.0,0.0,1005.9492959165947,[],0.0,0.6983897600794295,0.9975571395107586,0.0,5000.0,5000.0,0.0,chr1,FOXA1_no_motif_5000_train_chr1_4_15Aug2020_0010.csv
340,FOS,,,10000.0,0.0,,0.0,0.0,903.4581727078184,[],0.0,0.6238021445536324,0.9970525410364848,0.0,5000.0,5000.0,0.0,chr1,FOS_no_motif_5000_train_chr1_3_15Aug2020_0010.csv
341,FOS,,,10000.0,0.0,,0.0,0.0,933.6180641548708,[],0.0,0.5942059882430419,0.9971156189520466,0.0,5000.0,5000.0,0.0,chr1,FOS_no_motif_5000_train_chr1_0_15Aug2020_0010.csv
342,FOS,,,10000.0,0.0,,0.0,0.0,925.2812762521208,[],0.0,0.6358909367174914,0.9973019855207512,0.0,5000.0,5000.0,0.0,chr1,FOS_no_motif_5000_train_chr1_2_15Aug2020_0010.csv
343,FOS,,,10000.0,0.0,,0.0,0.0,962.1577345570547,[],0.0,0.6640993966787275,0.9973765321482329,0.0,5000.0,5000.0,0.0,chr1,FOS_no_motif_5000_train_chr1_1_15Aug2020_0010.csv
344,FOS,,,10000.0,0.0,,0.0,0.0,960.0663088671864,[],0.0,0.6300206844097748,0.9973679306142929,0.0,5000.0,5000.0,0.0,chr1,FOS_no_motif_5000_train_chr1_4_15Aug2020_0010.csv
345,EZH2phosphoT487,,,10000.0,0.0,,0.0,0.0,824.1299561969936,[],0.0,0.5289252733311044,0.9960935320051342,0.0,5000.0,5000.0,0.0,chr1,EZH2phosphoT487_no_motif_5000_train_chr1_0_15Aug2020_0010.csv
346,EZH2phosphoT487,,,10000.0,0.0,,0.0,0.0,840.0831303112209,[],0.0,0.5152077511929393,0.99588593113455,0.0,5000.0,5000.0,0.0,chr1,EZH2phosphoT487_no_motif_5000_train_chr1_1_15Aug2020_0010.csv
347,EZH2phosphoT487,,,10000.0,0.0,,0.0,0.0,826.1268382482231,[],0.0,0.4912263658436411,0.9957720854958424,0.0,5000.0,5000.0,0.0,chr1,EZH2phosphoT487_no_motif_5000_train_chr1_3_15Aug2020_0010.csv
348,EZH2phosphoT487,,,10000.0,0.0,,0.0,0.0,855.5419375998898,[],0.0,0.5158898273049597,0.9958100340420782,0.0,5000.0,5000.0,0.0,chr1,EZH2phosphoT487_no_motif_5000_train_chr1_2_15Aug2020_0010.csv
349,EZH2phosphoT487,,,10000.0,0.0,,0.0,0.0,876.4166208151727,[],0.0,0.5350060876374471,0.9962363971203748,0.0,5000.0,5000.0,0.0,chr1,EZH2phosphoT487_no_motif_5000_train_chr1_4_15Aug2020_0010.csv
350,EZH2,,,10000.0,0.0,,0.0,0.0,1402.5568928541613,[],0.0,0.2130089510396128,0.9808960843373492,0.0,5000.0,5000.0,0.0,chr1,EZH2_no_motif_5000_train_chr1_0_15Aug2020_0010.csv
351,EZH2,,,10000.0,0.0,,0.0,0.0,1412.5110003398734,[],0.0,0.20259331257907595,0.979866967871486,0.0,5000.0,5000.0,0.0,chr1,EZH2_no_motif_5000_train_chr1_1_15Aug2020_0010.csv
352,EZH2,,,10000.0,0.0,,0.0,0.0,1419.1772996122018,[],0.0,0.22493702844026345,0.9822766064257028,0.0,5000.0,5000.0,0.0,chr1,EZH2_no_motif_5000_train_chr1_2_15Aug2020_0010.csv
353,EZH2,,,10000.0,0.0,,0.0,0.0,1410.5355705507097,[],0.0,0.21902622009440195,0.9787098393574296,0.0,5000.0,5000.0,0.0,chr1,EZH2_no_motif_5000_train_chr1_3_15Aug2020_0010.csv
354,EZH2,,,10000.0,0.0,,0.0,0.0,1402.1624792898074,[],0.0,0.2083777887339884,0.9804267068273091,0.0,5000.0,5000.0,0.0,chr1,EZH2_no_motif_5000_train_chr1_4_15Aug2020_0010.csv
355,ETS1,,,10000.0,0.0,,0.0,0.0,831.298321790062,[],0.0,0.4805387610661444,0.9988783174762144,0.0,5000.0,5000.0,0.0,chr1,ETS1_no_motif_5000_train_chr1_0_15Aug2020_0010.csv
356,ETS1,,,10000.0,0.0,,0.0,0.0,880.87073733937,[],0.0,0.4615426935511912,0.9988182273410116,0.0,5000.0,5000.0,0.0,chr1,ETS1_no_motif_5000_train_chr1_1_15Aug2020_0010.csv
357,ETS1,,,10000.0,0.0,,0.0,0.0,878.7642668513582,[],0.0,0.4652510089066508,0.9987714905691869,0.0,5000.0,5000.0,0.0,chr1,ETS1_no_motif_5000_train_chr1_2_15Aug2020_0010.csv
358,ETS1,,,10000.0,0.0,,0.0,0.0,861.7091948566957,[],0.0,0.4776525394162559,0.998764813887498,0.0,5000.0,5000.0,0.0,chr1,ETS1_no_motif_5000_train_chr1_4_15Aug2020_0010.csv
359,ETS1,,,10000.0,0.0,,0.0,0.0,1030.3747308896857,[],0.0,0.4851766681178447,0.9988115506593224,0.0,5000.0,5000.0,0.0,chr1,ETS1_no_motif_5000_train_chr1_3_15Aug2020_0010.csv
360,ESRRA,,,10000.0,0.0,,0.0,0.0,827.3518625283614,[],0.0,0.7968324732333825,0.9991502194177042,0.0,5000.0,5000.0,0.0,chr1,ESRRA_no_motif_5000_train_chr1_1_15Aug2020_0010.csv
361,ESRRA,,,10000.0,0.0,,0.0,0.0,849.2652207622306,[],0.0,0.7700848251676825,0.999163292965124,0.0,5000.0,5000.0,0.0,chr1,ESRRA_no_motif_5000_train_chr1_0_15Aug2020_0010.csv
362,ESRRA,,,10000.0,0.0,,0.0,0.0,841.5015177503227,[],0.0,0.7616904446262547,0.9990587045857646,0.0,5000.0,5000.0,0.0,chr1,ESRRA_no_motif_5000_train_chr1_2_15Aug2020_0010.csv
363,ESRRA,,,10000.0,0.0,,0.0,0.0,821.3219154486432,[],0.0,0.7657702578617751,0.9989889789995248,0.0,5000.0,5000.0,0.0,chr1,ESRRA_no_motif_5000_train_chr1_3_15Aug2020_0010.csv
364,ESRRA,,,10000.0,0.0,,0.0,0.0,826.2027092343196,[],0.0,0.7657875257106022,0.9990717781331846,0.0,5000.0,5000.0,0.0,chr1,ESRRA_no_motif_5000_train_chr1_4_15Aug2020_0010.csv
365,ELK1,,,10000.0,0.0,,0.0,0.0,1031.9198848418891,[],0.0,0.0,,0.0,5000.0,5000.0,0.0,chr1,ELK1_no_motif_5000_train_chr1_0_15Aug2020_0010.csv
366,ELK1,,,10000.0,0.0,,0.0,0.0,1061.5466946652161,[],0.0,0.0,,0.0,5000.0,5000.0,0.0,chr1,ELK1_no_motif_5000_train_chr1_1_15Aug2020_0010.csv
367,ELK1,,,10000.0,0.0,,0.0,0.0,1062.468107573688,[],0.0,0.0,,0.0,5000.0,5000.0,0.0,chr1,ELK1_no_motif_5000_train_chr1_2_15Aug2020_0010.csv
368,ELK1,,,10000.0,0.0,,0.0,0.0,1141.5452768607065,[],0.0,0.0,,0.0,5000.0,5000.0,0.0,chr1,ELK1_no_motif_5000_train_chr1_3_15Aug2020_0010.csv
369,ELK1,,,10000.0,0.0,,0.0,0.0,1044.1586851375178,[],0.0,0.0,,0.0,5000.0,5000.0,0.0,chr1,ELK1_no_motif_5000_train_chr1_4_15Aug2020_0010.csv
370,ELF1,,,10000.0,0.0,,0.0,0.0,833.9109827075154,[],0.0,0.5003435335680446,0.9962699514226232,0.0,5000.0,5000.0,0.0,chr1,ELF1_no_motif_5000_train_chr1_0_15Aug2020_0010.csv
371,ELF1,,,10000.0,0.0,,0.0,0.0,849.6887763412669,[],0.0,0.4993129127760798,0.9960074327038972,0.0,5000.0,5000.0,0.0,chr1,ELF1_no_motif_5000_train_chr1_2_15Aug2020_0010.csv
372,ELF1,,,10000.0,0.0,,0.0,0.0,873.4786712611093,[],0.0,0.4847066897379059,0.995806548814785,0.0,5000.0,5000.0,0.0,chr1,ELF1_no_motif_5000_train_chr1_1_15Aug2020_0010.csv
373,ELF1,,,10000.0,0.0,,0.0,0.0,831.3014779640363,[],0.0,0.505685986559689,0.9959709083604222,0.0,5000.0,5000.0,0.0,chr1,ELF1_no_motif_5000_train_chr1_3_15Aug2020_0010.csv
374,ELF1,,,10000.0,0.0,,0.0,0.0,838.3153845723718,[],0.0,0.48783899910882506,0.9958111143577194,0.0,5000.0,5000.0,0.0,chr1,ELF1_no_motif_5000_train_chr1_4_15Aug2020_0010.csv
375,CHD1,,,10000.0,0.0,,0.0,0.0,947.5502950921657,[],0.0,0.6504848112434612,0.9991191191191192,0.0,5000.0,5000.0,0.0,chr1,CHD1_no_motif_5000_train_chr1_0_15Aug2020_0010.csv
376,CHD1,,,10000.0,0.0,,0.0,0.0,948.63740491122,[],0.0,0.6482084764671264,0.9991491491491492,0.0,5000.0,5000.0,0.0,chr1,CHD1_no_motif_5000_train_chr1_1_15Aug2020_0010.csv
377,CHD1,,,10000.0,0.0,,0.0,0.0,962.8126938557252,[],0.0,0.6573355288061171,0.9991491491491492,0.0,5000.0,5000.0,0.0,chr1,CHD1_no_motif_5000_train_chr1_2_15Aug2020_0010.csv
378,CHD1,,,10000.0,0.0,,0.0,0.0,966.2198168933393,[],0.0,0.6959090909090908,0.9993393393393394,0.0,5000.0,5000.0,0.0,chr1,CHD1_no_motif_5000_train_chr1_3_15Aug2020_0010.csv
379,CHD1,,,10000.0,0.0,,0.0,0.0,952.4121218435466,[],0.0,0.6609920634920635,0.9992392392392392,0.0,5000.0,5000.0,0.0,chr1,CHD1_no_motif_5000_train_chr1_4_15Aug2020_0010.csv
380,BRCA1,,,10000.0,0.0,,0.0,0.0,1016.2478084396573,[],0.0,0.0,,0.0,5000.0,5000.0,0.0,chr1,BRCA1_no_motif_5000_train_chr1_0_15Aug2020_0010.csv
381,BRCA1,,,10000.0,0.0,,0.0,0.0,985.1183384982868,[],0.0,0.0,,0.0,5000.0,5000.0,0.0,chr1,BRCA1_no_motif_5000_train_chr1_1_15Aug2020_0010.csv
382,BRCA1,,,10000.0,0.0,,0.0,0.0,941.0629076547921,[],0.0,0.0,,0.0,5000.0,5000.0,0.0,chr1,BRCA1_no_motif_5000_train_chr1_3_15Aug2020_0010.csv
383,BRCA1,,,10000.0,0.0,,0.0,0.0,946.2077461453156,[],0.0,0.0,,0.0,5000.0,5000.0,0.0,chr1,BRCA1_no_motif_5000_train_chr1_4_15Aug2020_0010.csv
384,BRCA1,,,10000.0,0.0,,0.0,0.0,1017.238376904279,[],0.0,0.0,,0.0,5000.0,5000.0,0.0,chr1,BRCA1_no_motif_5000_train_chr1_2_15Aug2020_0010.csv
385,BHLHE40,,,10000.0,0.0,,0.0,0.0,1069.2567733824253,[],0.0,0.3984431668549376,0.9963208452034986,0.0,5000.0,5000.0,0.0,chr1,BHLHE40_no_motif_5000_train_chr1_0_15Aug2020_0010.csv
386,BHLHE40,,,10000.0,0.0,,0.0,0.0,1053.8692219089717,[],0.0,0.4231943091585689,0.9963924240905904,0.0,5000.0,5000.0,0.0,chr1,BHLHE40_no_motif_5000_train_chr1_1_15Aug2020_0010.csv
387,BHLHE40,,,10000.0,0.0,,0.0,0.0,1035.205806938,[],0.0,0.4335156554593047,0.9961395120228672,0.0,5000.0,5000.0,0.0,chr1,BHLHE40_no_motif_5000_train_chr1_3_15Aug2020_0010.csv
388,BHLHE40,,,10000.0,0.0,,0.0,0.0,1050.6513001229614,[],0.0,0.4446515971846492,0.9966548800099256,0.0,5000.0,5000.0,0.0,chr1,BHLHE40_no_motif_5000_train_chr1_2_15Aug2020_0010.csv
389,BHLHE40,,,10000.0,0.0,,0.0,0.0,1076.842652156949,[],0.0,0.3792788764347552,0.9966167046034768,0.0,5000.0,5000.0,0.0,chr1,BHLHE40_no_motif_5000_train_chr1_4_15Aug2020_0010.csv
390,ATF7,,,10000.0,0.0,,0.0,0.0,857.4541996149347,[],0.0,0.6859495076308626,0.9967222925379704,0.0,5000.0,5000.0,0.0,chr1,ATF7_no_motif_5000_train_chr1_0_15Aug2020_0010.csv
391,ATF7,,,10000.0,0.0,,0.0,0.0,841.1356607852504,[],0.0,0.6866251544512129,0.9965744001760952,0.0,5000.0,5000.0,0.0,chr1,ATF7_no_motif_5000_train_chr1_2_15Aug2020_0010.csv
392,ATF7,,,10000.0,0.0,,0.0,0.0,837.6535386610776,[],0.0,0.6858731754636106,0.9965996221292832,0.0,5000.0,5000.0,0.0,chr1,ATF7_no_motif_5000_train_chr1_4_15Aug2020_0010.csv
393,ATF7,,,10000.0,0.0,,0.0,0.0,883.3854193175212,[],0.0,0.68331993219868,0.9966259905348888,0.0,5000.0,5000.0,0.0,chr1,ATF7_no_motif_5000_train_chr1_1_15Aug2020_0010.csv
394,ATF7,,,10000.0,0.0,,0.0,0.0,872.6533002993092,[],0.0,0.665059014078659,0.9963691851933376,0.0,5000.0,5000.0,0.0,chr1,ATF7_no_motif_5000_train_chr1_3_15Aug2020_0010.csv
395,ATF3,,,10000.0,0.0,,0.0,0.0,861.0362107791008,[],0.0,0.6781649108986801,0.9973887717183892,0.0,5000.0,5000.0,0.0,chr1,ATF3_no_motif_5000_train_chr1_1_15Aug2020_0010.csv
396,ATF3,,,10000.0,0.0,,0.0,0.0,885.5849450239913,[],0.0,0.5962872290661516,0.9966530499753592,0.0,5000.0,5000.0,0.0,chr1,ATF3_no_motif_5000_train_chr1_0_15Aug2020_0010.csv
397,ATF3,,,10000.0,0.0,,0.0,0.0,843.3512337980792,[],0.0,0.5657031556165036,0.9969730305429628,0.0,5000.0,5000.0,0.0,chr1,ATF3_no_motif_5000_train_chr1_2_15Aug2020_0010.csv
398,ATF3,,,10000.0,0.0,,0.0,0.0,847.845726415515,[],0.0,0.5950549832236236,0.9970547774032992,0.0,5000.0,5000.0,0.0,chr1,ATF3_no_motif_5000_train_chr1_4_15Aug2020_0010.csv
399,ATF3,,,10000.0,0.0,,0.0,0.0,850.4186492981389,[],0.0,0.6594237397819293,0.9974915391999551,0.0,5000.0,5000.0,0.0,chr1,ATF3_no_motif_5000_train_chr1_3_15Aug2020_0010.csv
400,ATF2,,,10000.0,0.0,,0.0,0.0,844.199195748195,[],0.0,0.5943433897707693,0.996118320307972,0.0,5000.0,5000.0,0.0,chr1,ATF2_no_motif_5000_train_chr1_1_15Aug2020_0010.csv
401,ATF2,,,10000.0,0.0,,0.0,0.0,863.40100724902,[],0.0,0.6120038569477111,0.9962540647058464,0.0,5000.0,5000.0,0.0,chr1,ATF2_no_motif_5000_train_chr1_2_15Aug2020_0010.csv
402,ATF2,,,10000.0,0.0,,0.0,0.0,878.6099182805046,[],0.0,0.5925182897755865,0.99622203512882,0.0,5000.0,5000.0,0.0,chr1,ATF2_no_motif_5000_train_chr1_0_15Aug2020_0010.csv
403,ATF2,,,10000.0,0.0,,0.0,0.0,852.0725908279419,[],0.0,0.5871330327439559,0.9960908663848064,0.0,5000.0,5000.0,0.0,chr1,ATF2_no_motif_5000_train_chr1_3_15Aug2020_0010.csv
404,ATF2,,,10000.0,0.0,,0.0,0.0,841.5305736688898,[],0.0,0.5791199320530435,0.9961839046799787,0.0,5000.0,5000.0,0.0,chr1,ATF2_no_motif_5000_train_chr1_4_15Aug2020_0010.csv
405,ARNT,,,10000.0,0.0,,0.0,0.0,883.9373771995306,[],0.0,0.4291039633230143,0.9980973362707792,0.0,5000.0,5000.0,0.0,chr1,ARNT_no_motif_5000_train_chr1_0_15Aug2020_0010.csv
406,ARNT,,,10000.0,0.0,,0.0,0.0,837.9499538745731,[],0.0,0.4287314681334804,0.9980973362707791,0.0,5000.0,5000.0,0.0,chr1,ARNT_no_motif_5000_train_chr1_1_15Aug2020_0010.csv
407,ARNT,,,10000.0,0.0,,0.0,0.0,864.4944713972508,[],0.0,0.4094497541114107,0.9980615719149668,0.0,5000.0,5000.0,0.0,chr1,ARNT_no_motif_5000_train_chr1_2_15Aug2020_0010.csv
408,ARNT,,,10000.0,0.0,,0.0,0.0,836.8005626099184,[],0.0,0.4298558505746372,0.9982046293382164,0.0,5000.0,5000.0,0.0,chr1,ARNT_no_motif_5000_train_chr1_3_15Aug2020_0010.csv
409,ARNT,,,10000.0,0.0,,0.0,0.0,1000.5227088751273,[],0.0,0.4291533853440013,0.9981617121112414,0.0,5000.0,5000.0,0.0,chr1,ARNT_no_motif_5000_train_chr1_4_15Aug2020_0010.csv
410,ARID3A,,,10000.0,0.0,,0.0,0.0,857.8631274877116,[],0.0,0.5906966490299824,0.9992991589907888,0.0,5000.0,5000.0,0.0,chr1,ARID3A_no_motif_5000_train_chr1_0_15Aug2020_0010.csv
411,ARID3A,,,10000.0,0.0,,0.0,0.0,866.8348532365636,[],0.0,0.5438370110045302,0.999199038846616,0.0,5000.0,5000.0,0.0,chr1,ARID3A_no_motif_5000_train_chr1_1_15Aug2020_0010.csv
412,ARID3A,,,10000.0,0.0,,0.0,0.0,848.3409970467909,[],0.0,0.5923992673992674,0.99925744226405,0.0,5000.0,5000.0,0.0,chr1,ARID3A_no_motif_5000_train_chr1_2_15Aug2020_0010.csv
413,ARID3A,,,10000.0,0.0,,0.0,0.0,848.7965683378279,[],0.0,0.5368462015248542,0.9991406354291816,0.0,5000.0,5000.0,0.0,chr1,ARID3A_no_motif_5000_train_chr1_4_15Aug2020_0010.csv
414,ARID3A,,,10000.0,0.0,,0.0,0.0,862.9539921255783,[],0.0,0.6799080707211008,0.9994993992791348,0.0,5000.0,5000.0,0.0,chr1,ARID3A_no_motif_5000_train_chr1_3_15Aug2020_0010.csv
415,NFE2L2,,,10000.0,0.0,,0.0,0.0,841.1400842173025,[],0.0,0.4179797979797979,0.998999399639784,0.0,5000.0,5000.0,0.0,chr1,NFE2L2_no_motif_5000_train_chr1_0_15Aug2020_0010.csv
416,NFE2L2,,,10000.0,0.0,,0.0,0.0,838.0013993922621,[],0.0,0.4879227053140097,0.9994830231472216,0.0,5000.0,5000.0,0.0,chr1,NFE2L2_no_motif_5000_train_chr1_1_15Aug2020_0010.csv
417,NFE2L2,,,10000.0,0.0,,0.0,0.0,859.4690008312464,[],0.0,0.4765211640211641,0.9995830831832432,0.0,5000.0,5000.0,0.0,chr1,NFE2L2_no_motif_5000_train_chr1_2_15Aug2020_0010.csv
418,NFE2L2,,,10000.0,0.0,,0.0,0.0,860.4638570342212,[],0.0,0.4638888888888889,0.9994663464745512,0.0,5000.0,5000.0,0.0,chr1,NFE2L2_no_motif_5000_train_chr1_3_15Aug2020_0010.csv
419,NFE2L2,,,10000.0,0.0,,0.0,0.0,877.9714062968269,[],0.0,0.4242063492063492,0.9992995797478488,0.0,5000.0,5000.0,0.0,chr1,NFE2L2_no_motif_5000_train_chr1_4_15Aug2020_0010.csv
420,NBN,,,10000.0,0.0,,0.0,0.0,860.1441972842439,[],0.0,0.42141446674331695,0.9981140326900999,0.0,5000.0,5000.0,0.0,chr1,NBN_no_motif_5000_train_chr1_0_15Aug2020_0010.csv
421,NBN,,,10000.0,0.0,,0.0,0.0,847.5575757576152,[],0.0,0.42990451369013216,0.9982734743708888,0.0,5000.0,5000.0,0.0,chr1,NBN_no_motif_5000_train_chr1_2_15Aug2020_0010.csv
422,NBN,,,10000.0,0.0,,0.0,0.0,841.599085035734,[],0.0,0.4196172012454618,0.9981550319794456,0.0,5000.0,5000.0,0.0,chr1,NBN_no_motif_5000_train_chr1_4_15Aug2020_0010.csv
423,NBN,,,10000.0,0.0,,0.0,0.0,867.6777580138297,[],0.0,0.43442422518677737,0.9981823648390096,0.0,5000.0,5000.0,0.0,chr1,NBN_no_motif_5000_train_chr1_3_15Aug2020_0010.csv
424,NBN,,,10000.0,0.0,,0.0,0.0,1013.5584023278208,[],0.0,0.4031512174866961,0.9980274786348148,0.0,5000.0,5000.0,0.0,chr1,NBN_no_motif_5000_train_chr1_1_15Aug2020_0010.csv
